,_id,id,no_regn,no_cdrn,zona,alcaldi,sector,clv_sct,cuadrante_id,sector_id
0,1,0,1,8,P,ALVARO OBREGON,SAN ANGEL,3,P-1.3.8,P-1.3
1,2,1,1,10,P,ALVARO OBREGON,SAN ANGEL,3,P-1.3.10,P-1.3
2,3,2,1,4,C,CUAUHTEMOC,TLATELOLCO,8,C-1.8.4,C-1.8
3,4,3,1,5,C,CUAUHTEMOC,TLATELOLCO,8,C-1.8.5,C-1.8
4,5,4,1,8,C,CUAUHTEMOC,TLATELOLCO,8,C-1.8.8,C-1.8
5,6,5,1,12,C,CUAUHTEMOC,TLATELOLCO,8,C-1.8.12,C-1.8
6,34,33,3,3,N,VENUSTIANO CARRANZA,CONSULADO,3,N-3.3.3,N-3.3
7,7,6,1,15,C,CUAUHTEMOC,BUENAVISTA,4,C-1.4.15,C-1.4
8,8,7,1,2,C,CUAUHTEMOC,CENTRO,5,C-1.5.2,C-1.5
9,9,8,1,1,C,CUAUHTEMOC,ANGEL,2,C-1.2.1,C-1.2
10,10,9,1,4,C,CUAUHTEMOC,ANGEL,2,C-1.2.4,C-1.2
11,11,10,1,6,C,CUAUHTEMOC,ANGEL,2,C-1.2.6,C-1.2
12,12,11,1,10,C,CUAUHTEMOC,ANGEL,2,C-1.2.10,C-1.2
13,13,12,1,12,C,CUAUHTEMOC,ANGEL,2,C-1.2.12,C-1.2
14,14,13,1,14,C,CUAUHTEMOC,ANGEL,2,C-1.2.14,C-1.2
15,15,14,1,19,C,CUAUHTEMOC,ANGEL,2,C-1.2.19,C-1.2
16,16,15,1,20,C,CUAUHTEMOC,ANGEL,2,C-1.2.20,C-1.2
17,17,16,1,3,C,CUAUHTEMOC,ROMA,7,C-1.7.3,C-1.7
18,18,17,1,1,N,GUSTAVO A MADERO,CUAUTEPEC,2,N-1.2.1,N-1.2
19,19,18,1,3,N,GUSTAVO A MADERO,CUAUTEPEC,2,N-1.2.3,N-1.2
20,20,19,1,9,N,GUSTAVO A MADERO,CUAUTEPEC,2,N-1.2.9,N-1.2
21,21,20,1,18,N,GUSTAVO A MADERO,CUAUTEPEC,2,N-1.2.18,N-1.2
22,22,21,3,7,N,VENUSTIANO CARRANZA,MERCED-BALBUENA,4,N-3.4.7,N-3.4
23,23,22,1,12,N,GUSTAVO A MADERO,CUAUTEPEC,2,N-1.2.12,N-1.2
24,24,23,1,1,N,GUSTAVO A MADERO,CUCHILLA,3,N-1.3.1,N-1.3
25,25,24,1,7,N,GUSTAVO A MADERO,CUCHILLA,3,N-1.3.7,N-1.3
26,26,25,1,6,N,GUSTAVO A MADERO,CUCHILLA,3,N-1.3.6,N-1.3
27,27,26,3,10,N,VENUSTIANO CARRANZA,MERCED-BALBUENA,4,N-3.4.10,N-3.4
28,28,27,2,9,N,IZTACALCO,IZTACCIHUATL,1,N-2.1.9,N-2.1
29,49,48,2,3,N,IZTACALCO,TLACOTAL,3,N-2.3.3,N-2.3
30,29,28,2,8,N,IZTACALCO,IZTACCIHUATL,1,N-2.1.8,N-2.1
31,30,29,2,7,N,IZTACALCO,IZTACCIHUATL,1,N-2.1.7,N-2.1
32,31,30,3,4,N,VENUSTIANO CARRANZA,CONSULADO,3,N-3.3.4,N-3.3
33,32,31,3,6,N,VENUSTIANO CARRANZA,CONSULADO,3,N-3.3.6,N-3.3
34,33,32,3,2,N,VENUSTIANO CARRANZA,CONSULADO,3,N-3.3.2,N-3.3
35,35,34,3,3,N,VENUSTIANO CARRANZA,MERCED-BALBUENA,4,N-3.4.3,N-3.4
36,36,35,3,5,N,VENUSTIANO CARRANZA,MERCED-BALBUENA,4,N-3.4.5,N-3.4
37,37,36,3,9,N,VENUSTIANO CARRANZA,MERCED-BALBUENA,4,N-3.4.9,N-3.4
38,38,37,3,7,N,VENUSTIANO CARRANZA,MOCTEZUMA,5,N-3.5.7,N-3.5
39,39,38,3,8,N,VENUSTIANO CARRANZA,MOCTEZUMA,5,N-3.5.8,N-3.5
40,40,39,3,1,N,VENUSTIANO CARRANZA,MOCTEZUMA,5,N-3.5.1,N-3.5
41,41,40,1,10,N,GUSTAVO A MADERO,QUIROGA,6,N-1.6.10,N-1.6
42,42,41,1,4,N,GUSTAVO A MADERO,TEPEYAC,7,N-1.7.4,N-1.7
43,43,42,1,8,N,GUSTAVO A MADERO,TICOMAN,8,N-1.8.8,N-1.8
44,44,43,3,1,N,VENUSTIANO CARRANZA,ZARAGOZA,6,N-3.6.1,N-3.6
45,45,44,3,2,N,VENUSTIANO CARRANZA,ZARAGOZA,6,N-3.6.2,N-3.6
46,46,45,1,14,N,GUSTAVO A MADERO,LINDAVISTA,4,N-1.4.14,N-1.4
47,47,46,1,7,N,GUSTAVO A MADERO,LINDAVISTA,4,N-1.4.7,N-1.4
48,48,47,2,4,N,IZTACALCO,TLACOTAL,3,N-2.3.4,N-2.3
49,50,49,2,12,N,IZTACALCO,TLACOTAL,3,N-2.3.12,N-2.3
50,51,50,2,7,N,IZTACALCO,TLACOTAL,3,N-2.3.7,N-2.3
51,52,51,2,1,N,IZTACALCO,PANTITLAN,2,N-2.2.1,N-2.2
52,53,52,3,1,N,VENUSTIANO CARRANZA,ARENAL,1,N-3.1.1,N-3.1
53,59,58,1,2,C,CUAUHTEMOC,ASTURIAS,3,C-1.3.2,C-1.3
54,54,53,3,3,N,VENUSTIANO CARRANZA,ARENAL,1,N-3.1.3,N-3.1
55,55,54,3,4,N,VENUSTIANO CARRANZA,ARENAL,1,N-3.1.4,N-3.1
56,56,55,3,5,N,VENUSTIANO CARRANZA,ARENAL,1,N-3.1.5,N-3.1
57,57,56,1,11,N,GUSTAVO A MADERO,PRADERA,5,N-1.5.11,N-1.5
58,58,57,1,9,N,GUSTAVO A MADERO,PRADERA,5,N-1.5.9,N-1.5
59,60,59,1,5,C,CUAUHTEMOC,ASTURIAS,3,C-1.3.5,C-1.3
60,61,60,1,7,C,CUAUHTEMOC,ASTURIAS,3,C-1.3.7,C-1.3
61,62,61,1,10,C,CUAUHTEMOC,ASTURIAS,3,C-1.3.10,C-1.3
62,63,62,1,16,C,CUAUHTEMOC,ASTURIAS,3,C-1.3.16,C-1.3
63,64,63,2,1,S,COYOACAN,UNIVERSIDAD,4,S-2.4.1,S-2.4
64,271,270,4,6,P,MIGUEL HIDALGO,TACUBAYA,5,P-4.5.6,P-4.5
65,65,64,2,12,S,COYOACAN,UNIVERSIDAD,4,S-2.4.12,S-2.4
66,66,65,1,7,O,IZTAPALAPA,ABASTO-REFORMA,1,O-1.1.7,O-1.1
67,67,66,1,9,O,IZTAPALAPA,CHURUBUSCO,2,O-1.2.9,O-1.2
68,68,67,1,15,O,IZTAPALAPA,ABASTO-REFORMA,1,O-1.1.15,O-1.1
69,69,68,1,3,O,IZTAPALAPA,CHURUBUSCO,2,O-1.2.3,O-1.2
70,775,774,1,5,O,IZTAPALAPA,ESTRELLA,3,O-1.3.5,O-1.3
71,70,69,1,7,O,IZTAPALAPA,TEZONCO,9,O-1.9.7,O-1.9
72,71,70,1,12,S,BENITO JUAREZ,NARVARTE-ALAMOS,3,S-1.3.12,S-1.3
73,72,71,1,9,S,BENITO JUAREZ,NARVARTE-ALAMOS,3,S-1.3.9,S-1.3
74,73,72,1,7,S,BENITO JUAREZ,NARVARTE-ALAMOS,3,S-1.3.7,S-1.3
75,82,81,1,6,S,BENITO JUAREZ,DEL VALLE,1,S-1.1.6,S-1.1
76,74,73,4,2,S,TLALPAN,COAPA,1,S-4.1.2,S-4.1
77,75,74,4,4,S,TLALPAN,COAPA,1,S-4.1.4,S-4.1
78,76,75,4,6,S,TLALPAN,COAPA,1,S-4.1.6,S-4.1
79,77,76,4,8,S,TLALPAN,COAPA,1,S-4.1.8,S-4.1
80,88,87,1,1,S,BENITO JUAREZ,PORTALES,5,S-1.5.1,S-1.5
81,78,77,2,1,S,COYOACAN,COYOACAN,1,S-2.1.1,S-2.1
82,79,78,2,3,S,COYOACAN,COYOACAN,1,S-2.1.3,S-2.1
83,80,79,2,12,S,COYOACAN,COYOACAN,1,S-2.1.12,S-2.1
84,81,80,1,7,S,BENITO JUAREZ,DEL VALLE,1,S-1.1.7,S-1.1
85,83,82,1,14,S,BENITO JUAREZ,DEL VALLE,1,S-1.1.14,S-1.1
86,84,83,1,16,S,BENITO JUAREZ,DEL VALLE,1,S-1.1.16,S-1.1
87,85,84,1,1,S,BENITO JUAREZ,DEL VALLE,1,S-1.1.1,S-1.1
88,86,85,1,7,S,BENITO JUAREZ,NATIVITAS,4,S-1.4.7,S-1.4
89,87,86,1,8,S,BENITO JUAREZ,NATIVITAS,4,S-1.4.8,S-1.4
90,89,88,1,10,S,BENITO JUAREZ,PORTALES,5,S-1.5.10,S-1.5
91,90,89,1,5,S,BENITO JUAREZ,NAPOLES,2,S-1.2.5,S-1.2
92,91,90,1,8,S,BENITO JUAREZ,NAPOLES,2,S-1.2.8,S-1.2
93,92,91,1,9,S,BENITO JUAREZ,NAPOLES,2,S-1.2.9,S-1.2
94,93,92,1,6,S,BENITO JUAREZ,NAPOLES,2,S-1.2.6,S-1.2
95,94,93,2,4,S,COYOACAN,TAXQUEA,3,S-2.3.4,S-2.3
96,95,94,2,7,S,COYOACAN,TAXQUEA,3,S-2.3.7,S-2.3
97,96,95,2,13,S,COYOACAN,TAXQUEA,3,S-2.3.13,S-2.3
98,97,96,2,15,S,COYOACAN,TAXQUEA,3,S-2.3.15,S-2.3
99,98,97,2,5,S,COYOACAN,CULHUACAN,2,S-2.2.5,S-2.2
100,272,271,4,2,O,XOCHIMILCO,TEPEPAN,2,O-4.2.2,O-4.2
101,99,98,1,12,O,IZTAPALAPA,TEOTONGO,8,O-1.8.12,O-1.8
102,100,99,1,14,O,IZTAPALAPA,TEOTONGO,8,O-1.8.14,O-1.8
103,101,100,1,16,O,IZTAPALAPA,TEOTONGO,8,O-1.8.16,O-1.8
104,102,101,2,11,S,COYOACAN,XOTEPINGO,5,S-2.5.11,S-2.5
105,103,102,2,7,N,IZTACALCO,PANTITLAN,2,N-2.2.7,N-2.2
106,104,103,2,2,S,COYOACAN,XOTEPINGO,5,S-2.5.2,S-2.5
107,105,104,4,4,P,MIGUEL HIDALGO,TACUBA,4,P-4.4.4,P-4.4
108,106,105,4,20,P,MIGUEL HIDALGO,TACUBA,4,P-4.4.20,P-4.4
109,107,106,4,18,P,MIGUEL HIDALGO,TACUBA,4,P-4.4.18,P-4.4
110,108,107,4,17,P,MIGUEL HIDALGO,TACUBA,4,P-4.4.17,P-4.4
111,109,108,4,13,P,MIGUEL HIDALGO,TACUBA,4,P-4.4.13,P-4.4
112,110,109,4,4,P,MIGUEL HIDALGO,SOTELO,3,P-4.3.4,P-4.3
113,111,110,4,1,P,MIGUEL HIDALGO,CHAPULTEPEC,1,P-4.1.1,P-4.1
114,112,111,4,10,P,MIGUEL HIDALGO,TACUBAYA,5,P-4.5.10,P-4.5
115,113,112,4,9,P,MIGUEL HIDALGO,CHAPULTEPEC,1,P-4.1.9,P-4.1
116,114,113,4,11,P,MIGUEL HIDALGO,CHAPULTEPEC,1,P-4.1.11,P-4.1
117,115,114,4,1,P,MIGUEL HIDALGO,POLANCO-CASTILLO,2,P-4.2.1,P-4.2
118,116,115,4,7,P,MIGUEL HIDALGO,TACUBAYA,5,P-4.5.7,P-4.5
119,117,116,4,2,P,MIGUEL HIDALGO,TACUBAYA,5,P-4.5.2,P-4.5
120,139,138,2,8,N,IZTACALCO,PANTITLAN,2,N-2.2.8,N-2.2
121,118,117,2,2,P,AZCAPOTZALCO,HORMIGA,3,P-2.3.2,P-2.3
122,119,118,2,3,P,AZCAPOTZALCO,HORMIGA,3,P-2.3.3,P-2.3
123,120,119,2,10,P,AZCAPOTZALCO,HORMIGA,3,P-2.3.10,P-2.3
124,121,120,2,7,P,AZCAPOTZALCO,HORMIGA,3,P-2.3.7,P-2.3
125,122,121,2,5,P,AZCAPOTZALCO,HORMIGA,3,P-2.3.5,P-2.3
126,123,122,2,10,P,AZCAPOTZALCO,CLAVERIA,1,P-2.1.10,P-2.1
127,124,123,2,4,P,AZCAPOTZALCO,CLAVERIA,1,P-2.1.4,P-2.1
128,125,124,2,11,P,AZCAPOTZALCO,CLAVERIA,1,P-2.1.11,P-2.1
129,126,125,2,15,N,IZTACALCO,PANTITLAN,2,N-2.2.15,N-2.2
130,127,126,2,7,P,AZCAPOTZALCO,CUITLAHUAC,2,P-2.2.7,P-2.2
131,128,127,2,6,P,AZCAPOTZALCO,LA RAZA,4,P-2.4.6,P-2.4
132,129,128,2,14,S,COYOACAN,TAXQUEA,3,S-2.3.14,S-2.3
133,130,129,2,17,S,COYOACAN,TAXQUEA,3,S-2.3.17,S-2.3
134,131,130,2,4,O,MILPA ALTA,MILPA ALTA,1,O-2.1.4,O-2.1
135,132,131,2,13,N,IZTACALCO,PANTITLAN,2,N-2.2.13,N-2.2
136,133,132,3,10,O,TLAHUAC,MIXQUIC,1,O-3.1.10,O-3.1
137,134,133,3,9,O,TLAHUAC,MIXQUIC,1,O-3.1.9,O-3.1
138,135,134,4,1,S,TLALPAN,HUIPULCO-HOSPITALES,3,S-4.3.1,S-4.3
139,136,135,4,3,S,TLALPAN,HUIPULCO-HOSPITALES,3,S-4.3.3,S-4.3
140,137,136,4,3,S,TLALPAN,FUENTE,2,S-4.2.3,S-4.2
141,138,137,4,2,S,TLALPAN,TOPILEJO,5,S-4.5.2,S-4.5
142,140,139,1,18,O,IZTAPALAPA,ABASTO-REFORMA,1,O-1.1.18,O-1.1
143,141,140,1,2,O,IZTAPALAPA,SANTA CRUZ,7,O-1.7.2,O-1.7
144,142,141,1,2,O,IZTAPALAPA,OASIS,5,O-1.5.2,O-1.5
145,143,142,1,4,O,IZTAPALAPA,OASIS,5,O-1.5.4,O-1.5
146,144,143,1,8,O,IZTAPALAPA,OASIS,5,O-1.5.8,O-1.5
147,162,161,3,5,S,MAGDALENA CONTRERAS,SAN JERONIMO,2,S-3.2.5,S-3.2
148,145,144,1,15,O,IZTAPALAPA,OASIS,5,O-1.5.15,O-1.5
149,146,145,1,11,O,IZTAPALAPA,OASIS,5,O-1.5.11,O-1.5
150,147,146,1,19,O,IZTAPALAPA,OASIS,5,O-1.5.19,O-1.5
151,148,147,1,13,O,IZTAPALAPA,OASIS,5,O-1.5.13,O-1.5
152,291,290,1,2,C,CUAUHTEMOC,BUENAVISTA,4,C-1.4.2,C-1.4
153,149,148,1,14,O,IZTAPALAPA,OASIS,5,O-1.5.14,O-1.5
154,150,149,1,16,O,IZTAPALAPA,OASIS,5,O-1.5.16,O-1.5
155,151,150,2,1,O,MILPA ALTA,MILPA ALTA,1,O-2.1.1,O-2.1
156,152,151,4,7,O,XOCHIMILCO,LA NORIA,1,O-4.1.7,O-4.1
157,153,152,1,1,P,ALVARO OBREGON,SANTA FE,4,P-1.4.1,P-1.4
158,298,297,1,13,C,CUAUHTEMOC,BUENAVISTA,4,C-1.4.13,C-1.4
159,154,153,3,4,N,VENUSTIANO CARRANZA,MOCTEZUMA,5,N-3.5.4,N-3.5
160,155,154,1,5,N,GUSTAVO A MADERO,QUIROGA,6,N-1.6.5,N-1.6
161,156,155,2,6,N,IZTACALCO,TLACOTAL,3,N-2.3.6,N-2.3
162,157,156,1,9,N,GUSTAVO A MADERO,TICOMAN,8,N-1.8.9,N-1.8
163,163,162,3,1,S,MAGDALENA CONTRERAS,SAN JERONIMO,2,S-3.2.1,S-3.2
164,158,157,1,8,O,IZTAPALAPA,ABASTO-REFORMA,1,O-1.1.8,O-1.1
165,159,158,1,21,O,IZTAPALAPA,ABASTO-REFORMA,1,O-1.1.21,O-1.1
166,160,159,1,1,O,IZTAPALAPA,GRANJAS,4,O-1.4.1,O-1.4
167,161,160,1,8,O,IZTAPALAPA,GRANJAS,4,O-1.4.8,O-1.4
168,164,163,4,1,P,MIGUEL HIDALGO,SOTELO,3,P-4.3.1,P-4.3
169,165,164,4,3,P,MIGUEL HIDALGO,SOTELO,3,P-4.3.3,P-4.3
170,166,165,1,1,P,ALVARO OBREGON,PLATEROS,2,P-1.2.1,P-1.2
171,167,166,1,11,P,ALVARO OBREGON,PLATEROS,2,P-1.2.11,P-1.2
172,168,167,3,7,S,MAGDALENA CONTRERAS,SAN JERONIMO,2,S-3.2.7,S-3.2
173,169,168,3,6,S,MAGDALENA CONTRERAS,SAN JERONIMO,2,S-3.2.6,S-3.2
174,170,169,2,6,S,COYOACAN,CULHUACAN,2,S-2.2.6,S-2.2
175,171,170,2,8,S,COYOACAN,CULHUACAN,2,S-2.2.8,S-2.2
176,172,171,1,8,C,CUAUHTEMOC,ROMA,7,C-1.7.8,C-1.7
177,173,172,1,6,N,GUSTAVO A MADERO,ARAGON,1,N-1.1.6,N-1.1
178,174,173,1,8,N,GUSTAVO A MADERO,ARAGON,1,N-1.1.8,N-1.1
179,305,304,1,6,C,CUAUHTEMOC,ALAMEDA,1,C-1.1.6,C-1.1
180,175,174,1,4,S,BENITO JUAREZ,NAPOLES,2,S-1.2.4,S-1.2
181,176,175,1,2,S,BENITO JUAREZ,NAPOLES,2,S-1.2.2,S-1.2
182,177,176,1,10,S,BENITO JUAREZ,NAPOLES,2,S-1.2.10,S-1.2
183,178,177,1,13,S,BENITO JUAREZ,NAPOLES,2,S-1.2.13,S-1.2
184,179,178,4,9,S,TLALPAN,HUIPULCO-HOSPITALES,3,S-4.3.9,S-4.3
185,180,179,4,5,P,MIGUEL HIDALGO,TACUBA,4,P-4.4.5,P-4.4
186,181,180,2,10,S,COYOACAN,XOTEPINGO,5,S-2.5.10,S-2.5
187,182,181,3,12,S,MAGDALENA CONTRERAS,SAN JERONIMO,2,S-3.2.12,S-3.2
188,183,182,4,10,P,MIGUEL HIDALGO,TACUBA,4,P-4.4.10,P-4.4
189,184,183,2,5,P,AZCAPOTZALCO,CLAVERIA,1,P-2.1.5,P-2.1
190,185,184,2,1,P,AZCAPOTZALCO,LA RAZA,4,P-2.4.1,P-2.4
191,186,185,2,2,P,AZCAPOTZALCO,LA RAZA,4,P-2.4.2,P-2.4
192,187,186,4,6,S,TLALPAN,TOPILEJO,5,S-4.5.6,S-4.5
193,188,187,4,12,P,MIGUEL HIDALGO,POLANCO-CASTILLO,2,P-4.2.12,P-4.2
194,189,188,4,11,P,MIGUEL HIDALGO,POLANCO-CASTILLO,2,P-4.2.11,P-4.2
195,190,189,1,6,P,ALVARO OBREGON,ALPES,1,P-1.1.6,P-1.1
196,191,190,4,8,O,XOCHIMILCO,LA NORIA,1,O-4.1.8,O-4.1
197,192,191,1,1,P,ALVARO OBREGON,SAN ANGEL,3,P-1.3.1,P-1.3
198,193,192,1,9,P,ALVARO OBREGON,SAN ANGEL,3,P-1.3.9,P-1.3
199,194,193,1,7,C,CUAUHTEMOC,CENTRO,5,C-1.5.7,C-1.5
200,195,194,1,3,C,CUAUHTEMOC,MORELOS,6,C-1.6.3,C-1.6
201,200,199,1,6,O,IZTAPALAPA,SANTA CRUZ,7,O-1.7.6,O-1.7
202,196,195,1,12,C,CUAUHTEMOC,ROMA,7,C-1.7.12,C-1.7
203,197,196,1,10,O,IZTAPALAPA,ABASTO-REFORMA,1,O-1.1.10,O-1.1
204,198,197,1,12,O,IZTAPALAPA,ABASTO-REFORMA,1,O-1.1.12,O-1.1
205,199,198,1,11,O,IZTAPALAPA,SANTA CRUZ,7,O-1.7.11,O-1.7
206,234,233,1,4,O,IZTAPALAPA,TEOTONGO,8,O-1.8.4,O-1.8
207,201,200,3,6,N,VENUSTIANO CARRANZA,ZARAGOZA,6,N-3.6.6,N-3.6
208,202,201,1,4,O,IZTAPALAPA,SANTA CRUZ,7,O-1.7.4,O-1.7
209,203,202,1,6,O,IZTAPALAPA,GRANJAS,4,O-1.4.6,O-1.4
210,204,203,1,5,O,IZTAPALAPA,GRANJAS,4,O-1.4.5,O-1.4
211,205,204,1,4,O,IZTAPALAPA,GRANJAS,4,O-1.4.4,O-1.4
212,235,234,1,10,O,IZTAPALAPA,TEOTONGO,8,O-1.8.10,O-1.8
213,206,205,1,11,O,IZTAPALAPA,GRANJAS,4,O-1.4.11,O-1.4
214,207,206,1,24,O,IZTAPALAPA,OASIS,5,O-1.5.24,O-1.5
215,208,207,1,21,O,IZTAPALAPA,OASIS,5,O-1.5.21,O-1.5
216,209,208,1,23,O,IZTAPALAPA,OASIS,5,O-1.5.23,O-1.5
217,236,235,1,15,O,IZTAPALAPA,TEOTONGO,8,O-1.8.15,O-1.8
218,210,209,1,9,O,IZTAPALAPA,ESTRELLA,3,O-1.3.9,O-1.3
219,211,210,1,2,O,IZTAPALAPA,ESTRELLA,3,O-1.3.2,O-1.3
220,212,211,2,9,N,IZTACALCO,TLACOTAL,3,N-2.3.9,N-2.3
221,213,212,1,4,N,GUSTAVO A MADERO,TICOMAN,8,N-1.8.4,N-1.8
222,214,213,2,8,N,IZTACALCO,TLACOTAL,3,N-2.3.8,N-2.3
223,215,214,2,4,N,IZTACALCO,PANTITLAN,2,N-2.2.4,N-2.2
224,216,215,1,4,N,GUSTAVO A MADERO,CUAUTEPEC,2,N-1.2.4,N-1.2
225,217,216,1,3,N,GUSTAVO A MADERO,LINDAVISTA,4,N-1.4.3,N-1.4
226,218,217,1,4,N,GUSTAVO A MADERO,LINDAVISTA,4,N-1.4.4,N-1.4
227,237,236,4,1,O,XOCHIMILCO,TEPEPAN,2,O-4.2.1,O-4.2
228,238,237,4,7,O,XOCHIMILCO,TEPEPAN,2,O-4.2.7,O-4.2
229,219,218,1,5,N,GUSTAVO A MADERO,LINDAVISTA,4,N-1.4.5,N-1.4
230,220,219,1,5,N,GUSTAVO A MADERO,CUCHILLA,3,N-1.3.5,N-1.3
231,221,220,1,1,N,GUSTAVO A MADERO,ARAGON,1,N-1.1.1,N-1.1
232,222,221,3,8,N,VENUSTIANO CARRANZA,MERCED-BALBUENA,4,N-3.4.8,N-3.4
233,223,222,3,1,N,VENUSTIANO CARRANZA,MERCED-BALBUENA,4,N-3.4.1,N-3.4
234,224,223,3,4,O,TLAHUAC,MIXQUIC,1,O-3.1.4,O-3.1
235,225,224,3,5,O,TLAHUAC,MIXQUIC,1,O-3.1.5,O-3.1
236,226,225,1,11,O,IZTAPALAPA,TEOTONGO,8,O-1.8.11,O-1.8
237,227,226,2,2,O,MILPA ALTA,TECOMITL,2,O-2.2.2,O-2.2
238,228,227,2,7,S,COYOACAN,XOTEPINGO,5,S-2.5.7,S-2.5
239,229,228,2,6,S,COYOACAN,XOTEPINGO,5,S-2.5.6,S-2.5
240,230,229,2,4,S,COYOACAN,XOTEPINGO,5,S-2.5.4,S-2.5
241,231,230,2,5,S,COYOACAN,XOTEPINGO,5,S-2.5.5,S-2.5
242,232,231,3,6,O,TLAHUAC,ZAPOTITLA,2,O-3.2.6,O-3.2
243,233,232,3,7,O,TLAHUAC,ZAPOTITLA,2,O-3.2.7,O-3.2
244,239,238,1,13,S,BENITO JUAREZ,NARVARTE-ALAMOS,3,S-1.3.13,S-1.3
245,240,239,1,4,S,BENITO JUAREZ,NARVARTE-ALAMOS,3,S-1.3.4,S-1.3
246,241,240,1,18,S,BENITO JUAREZ,NARVARTE-ALAMOS,3,S-1.3.18,S-1.3
247,242,241,1,5,S,BENITO JUAREZ,NARVARTE-ALAMOS,3,S-1.3.5,S-1.3
248,247,246,3,2,O,TLAHUAC,MIXQUIC,1,O-3.1.2,O-3.1
249,322,321,2,5,N,IZTACALCO,IZTACCIHUATL,1,N-2.1.5,N-2.1
250,243,242,2,6,P,AZCAPOTZALCO,CLAVERIA,1,P-2.1.6,P-2.1
251,244,243,1,2,O,IZTAPALAPA,TEZONCO,9,O-1.9.2,O-1.9
252,245,244,1,5,O,IZTAPALAPA,TEZONCO,9,O-1.9.5,O-1.9
253,246,245,1,11,O,IZTAPALAPA,TEZONCO,9,O-1.9.11,O-1.9
254,248,247,1,8,O,IZTAPALAPA,TEZONCO,9,O-1.9.8,O-1.9
255,249,248,2,9,P,AZCAPOTZALCO,CUITLAHUAC,2,P-2.2.9,P-2.2
256,250,249,1,1,O,IZTAPALAPA,QUETZAL,6,O-1.6.1,O-1.6
257,251,250,1,9,O,IZTAPALAPA,QUETZAL,6,O-1.6.9,O-1.6
258,252,251,1,8,O,IZTAPALAPA,QUETZAL,6,O-1.6.8,O-1.6
259,253,252,4,7,P,MIGUEL HIDALGO,TACUBA,4,P-4.4.7,P-4.4
260,254,253,4,12,P,MIGUEL HIDALGO,TACUBA,4,P-4.4.12,P-4.4
261,255,254,4,8,P,MIGUEL HIDALGO,TACUBA,4,P-4.4.8,P-4.4
262,256,255,1,9,P,ALVARO OBREGON,ALPES,1,P-1.1.9,P-1.1
263,257,256,1,2,P,ALVARO OBREGON,ALPES,1,P-1.1.2,P-1.1
264,258,257,1,10,C,CUAUHTEMOC,ROMA,7,C-1.7.10,C-1.7
265,259,258,1,11,C,CUAUHTEMOC,ROMA,7,C-1.7.11,C-1.7
266,260,259,1,15,C,CUAUHTEMOC,ROMA,7,C-1.7.15,C-1.7
267,261,260,4,6,P,MIGUEL HIDALGO,TACUBA,4,P-4.4.6,P-4.4
268,262,261,1,10,O,IZTAPALAPA,OASIS,5,O-1.5.10,O-1.5
269,263,262,1,2,O,IZTAPALAPA,GRANJAS,4,O-1.4.2,O-1.4
270,264,263,1,1,O,IZTAPALAPA,ABASTO-REFORMA,1,O-1.1.1,O-1.1
271,265,264,1,5,O,IZTAPALAPA,ABASTO-REFORMA,1,O-1.1.5,O-1.1
272,266,265,2,1,S,COYOACAN,XOTEPINGO,5,S-2.5.1,S-2.5
273,267,266,3,4,N,VENUSTIANO CARRANZA,CONGRESO,2,N-3.2.4,N-3.2
274,268,267,3,8,P,CUAJIMALPA,CUAJIMALPA,1,P-3.1.8,P-3.1
275,269,268,1,10,P,ALVARO OBREGON,PLATEROS,2,P-1.2.10,P-1.2
276,270,269,1,7,P,ALVARO OBREGON,SANTA FE,4,P-1.4.7,P-1.4
277,273,272,4,3,O,XOCHIMILCO,TEPEPAN,2,O-4.2.3,O-4.2
278,274,273,4,10,O,XOCHIMILCO,TEPEPAN,2,O-4.2.10,O-4.2
279,275,274,4,5,O,XOCHIMILCO,TEPEPAN,2,O-4.2.5,O-4.2
280,276,275,3,5,S,MAGDALENA CONTRERAS,DINAMO,1,S-3.1.5,S-3.1
281,277,276,2,9,S,COYOACAN,UNIVERSIDAD,4,S-2.4.9,S-2.4
282,278,277,3,2,S,MAGDALENA CONTRERAS,DINAMO,1,S-3.1.2,S-3.1
283,279,278,1,1,N,GUSTAVO A MADERO,LINDAVISTA,4,N-1.4.1,N-1.4
284,280,279,2,11,S,COYOACAN,UNIVERSIDAD,4,S-2.4.11,S-2.4
285,281,280,2,7,S,COYOACAN,UNIVERSIDAD,4,S-2.4.7,S-2.4
286,282,281,4,7,S,TLALPAN,TOPILEJO,5,S-4.5.7,S-4.5
287,283,282,1,12,P,ALVARO OBREGON,SAN ANGEL,3,P-1.3.12,P-1.3
288,284,283,1,5,P,ALVARO OBREGON,SAN ANGEL,3,P-1.3.5,P-1.3
289,285,284,1,3,O,IZTAPALAPA,TEOTONGO,8,O-1.8.3,O-1.8
290,286,285,1,5,O,IZTAPALAPA,TEOTONGO,8,O-1.8.5,O-1.8
291,287,286,1,2,O,IZTAPALAPA,TEOTONGO,8,O-1.8.2,O-1.8
292,288,287,1,1,O,IZTAPALAPA,TEOTONGO,8,O-1.8.1,O-1.8
293,289,288,1,2,C,CUAUHTEMOC,TLATELOLCO,8,C-1.8.2,C-1.8
294,290,289,1,11,C,CUAUHTEMOC,TLATELOLCO,8,C-1.8.11,C-1.8
295,292,291,1,4,C,CUAUHTEMOC,BUENAVISTA,4,C-1.4.4,C-1.4
296,293,292,1,6,C,CUAUHTEMOC,BUENAVISTA,4,C-1.4.6,C-1.4
297,294,293,1,7,C,CUAUHTEMOC,BUENAVISTA,4,C-1.4.7,C-1.4
298,295,294,1,9,C,CUAUHTEMOC,BUENAVISTA,4,C-1.4.9,C-1.4
299,296,295,1,11,C,CUAUHTEMOC,BUENAVISTA,4,C-1.4.11,C-1.4
300,297,296,1,12,C,CUAUHTEMOC,BUENAVISTA,4,C-1.4.12,C-1.4
301,299,298,1,1,C,CUAUHTEMOC,CENTRO,5,C-1.5.1,C-1.5
302,300,299,1,3,C,CUAUHTEMOC,CENTRO,5,C-1.5.3,C-1.5
303,301,300,1,2,C,CUAUHTEMOC,ANGEL,2,C-1.2.2,C-1.2
304,302,301,1,8,C,CUAUHTEMOC,ANGEL,2,C-1.2.8,C-1.2
305,303,302,1,7,C,CUAUHTEMOC,ANGEL,2,C-1.2.7,C-1.2
306,304,303,1,8,C,CUAUHTEMOC,ALAMEDA,1,C-1.1.8,C-1.1
307,306,305,1,17,C,CUAUHTEMOC,BUENAVISTA,4,C-1.4.17,C-1.4
308,307,306,1,9,C,CUAUHTEMOC,ANGEL,2,C-1.2.9,C-1.2
309,308,307,1,11,C,CUAUHTEMOC,ANGEL,2,C-1.2.11,C-1.2
310,309,308,1,13,C,CUAUHTEMOC,ANGEL,2,C-1.2.13,C-1.2
311,310,309,1,1,C,CUAUHTEMOC,ROMA,7,C-1.7.1,C-1.7
312,311,310,3,2,N,VENUSTIANO CARRANZA,CONGRESO,2,N-3.2.2,N-3.2
313,312,311,1,2,N,GUSTAVO A MADERO,CUAUTEPEC,2,N-1.2.2,N-1.2
314,313,312,1,8,N,GUSTAVO A MADERO,CUAUTEPEC,2,N-1.2.8,N-1.2
315,314,313,1,5,N,GUSTAVO A MADERO,CUAUTEPEC,2,N-1.2.5,N-1.2
316,315,314,1,17,N,GUSTAVO A MADERO,CUAUTEPEC,2,N-1.2.17,N-1.2
317,316,315,1,16,N,GUSTAVO A MADERO,CUAUTEPEC,2,N-1.2.16,N-1.2
318,317,316,1,19,N,GUSTAVO A MADERO,CUAUTEPEC,2,N-1.2.19,N-1.2
319,318,317,1,6,N,GUSTAVO A MADERO,CUAUTEPEC,2,N-1.2.6,N-1.2
320,319,318,1,2,N,GUSTAVO A MADERO,CUCHILLA,3,N-1.3.2,N-1.3
321,320,319,1,8,N,GUSTAVO A MADERO,CUCHILLA,3,N-1.3.8,N-1.3
322,321,320,2,2,N,IZTACALCO,IZTACCIHUATL,1,N-2.1.2,N-2.1
323,323,322,3,1,N,VENUSTIANO CARRANZA,CONSULADO,3,N-3.3.1,N-3.3
324,324,323,3,7,N,VENUSTIANO CARRANZA,CONSULADO,3,N-3.3.7,N-3.3
325,325,324,3,4,N,VENUSTIANO CARRANZA,MERCED-BALBUENA,4,N-3.4.4,N-3.4
326,326,325,1,1,N,GUSTAVO A MADERO,QUIROGA,6,N-1.6.1,N-1.6
327,347,346,1,14,C,CUAUHTEMOC,ROMA,7,C-1.7.14,C-1.7
328,327,326,1,3,N,GUSTAVO A MADERO,QUIROGA,6,N-1.6.3,N-1.6
329,328,327,1,1,N,GUSTAVO A MADERO,TEPEYAC,7,N-1.7.1,N-1.7
330,329,328,1,8,N,GUSTAVO A MADERO,TEPEYAC,7,N-1.7.8,N-1.7
331,330,329,1,3,N,GUSTAVO A MADERO,TICOMAN,8,N-1.8.3,N-1.8
332,331,330,1,16,N,GUSTAVO A MADERO,LINDAVISTA,4,N-1.4.16,N-1.4
333,332,331,1,12,N,GUSTAVO A MADERO,LINDAVISTA,4,N-1.4.12,N-1.4
334,333,332,1,11,N,GUSTAVO A MADERO,LINDAVISTA,4,N-1.4.11,N-1.4
335,334,333,1,2,N,GUSTAVO A MADERO,LINDAVISTA,4,N-1.4.2,N-1.4
336,335,334,2,2,N,IZTACALCO,PANTITLAN,2,N-2.2.2,N-2.2
337,336,335,2,3,N,IZTACALCO,PANTITLAN,2,N-2.2.3,N-2.2
338,337,336,3,2,N,VENUSTIANO CARRANZA,ARENAL,1,N-3.1.2,N-3.1
339,338,337,1,5,N,GUSTAVO A MADERO,PRADERA,5,N-1.5.5,N-1.5
340,339,338,1,8,N,GUSTAVO A MADERO,PRADERA,5,N-1.5.8,N-1.5
341,340,339,1,7,N,GUSTAVO A MADERO,PRADERA,5,N-1.5.7,N-1.5
342,341,340,1,2,N,GUSTAVO A MADERO,PRADERA,5,N-1.5.2,N-1.5
343,342,341,1,4,N,GUSTAVO A MADERO,PRADERA,5,N-1.5.4,N-1.5
344,343,342,1,6,N,GUSTAVO A MADERO,PRADERA,5,N-1.5.6,N-1.5
345,344,343,1,1,N,GUSTAVO A MADERO,TICOMAN,8,N-1.8.1,N-1.8
346,345,344,1,2,N,GUSTAVO A MADERO,TICOMAN,8,N-1.8.2,N-1.8
347,346,345,1,9,C,CUAUHTEMOC,ROMA,7,C-1.7.9,C-1.7
348,348,347,1,1,C,CUAUHTEMOC,ASTURIAS,3,C-1.3.1,C-1.3
349,349,348,2,12,N,IZTACALCO,PANTITLAN,2,N-2.2.12,N-2.2
350,350,349,1,4,C,CUAUHTEMOC,ASTURIAS,3,C-1.3.4,C-1.3
351,351,350,1,8,C,CUAUHTEMOC,ASTURIAS,3,C-1.3.8,C-1.3
352,352,351,1,13,C,CUAUHTEMOC,ASTURIAS,3,C-1.3.13,C-1.3
353,353,352,2,3,S,COYOACAN,UNIVERSIDAD,4,S-2.4.3,S-2.4
354,354,353,2,13,S,COYOACAN,UNIVERSIDAD,4,S-2.4.13,S-2.4
355,355,354,1,4,O,IZTAPALAPA,CHURUBUSCO,2,O-1.2.4,O-1.2
356,356,355,1,2,O,IZTAPALAPA,CHURUBUSCO,2,O-1.2.2,O-1.2
357,357,356,1,12,O,IZTAPALAPA,CHURUBUSCO,2,O-1.2.12,O-1.2
358,358,357,1,3,O,IZTAPALAPA,ESTRELLA,3,O-1.3.3,O-1.3
359,364,363,2,8,S,COYOACAN,COYOACAN,1,S-2.1.8,S-2.1
360,359,358,1,6,O,IZTAPALAPA,ESTRELLA,3,O-1.3.6,O-1.3
361,360,359,1,14,O,IZTAPALAPA,QUETZAL,6,O-1.6.14,O-1.6
362,361,360,1,11,S,BENITO JUAREZ,NARVARTE-ALAMOS,3,S-1.3.11,S-1.3
363,362,361,4,15,S,TLALPAN,COAPA,1,S-4.1.15,S-4.1
364,363,362,4,11,S,TLALPAN,COAPA,1,S-4.1.11,S-4.1
365,365,364,2,2,S,COYOACAN,COYOACAN,1,S-2.1.2,S-2.1
366,366,365,2,6,S,COYOACAN,COYOACAN,1,S-2.1.6,S-2.1
367,367,366,2,14,S,COYOACAN,COYOACAN,1,S-2.1.14,S-2.1
368,368,367,2,15,S,COYOACAN,COYOACAN,1,S-2.1.15,S-2.1
369,369,368,2,16,S,COYOACAN,COYOACAN,1,S-2.1.16,S-2.1
370,405,404,2,6,P,AZCAPOTZALCO,CUITLAHUAC,2,P-2.2.6,P-2.2
371,370,369,2,13,S,COYOACAN,CULHUACAN,2,S-2.2.13,S-2.2
372,371,370,2,10,S,COYOACAN,CULHUACAN,2,S-2.2.10,S-2.2
373,372,371,1,12,S,BENITO JUAREZ,DEL VALLE,1,S-1.1.12,S-1.1
374,373,372,1,13,S,BENITO JUAREZ,DEL VALLE,1,S-1.1.13,S-1.1
375,374,373,1,5,S,BENITO JUAREZ,DEL VALLE,1,S-1.1.5,S-1.1
376,375,374,1,2,S,BENITO JUAREZ,PORTALES,5,S-1.5.2,S-1.5
377,376,375,1,11,S,BENITO JUAREZ,PORTALES,5,S-1.5.11,S-1.5
378,377,376,2,2,S,COYOACAN,TAXQUEA,3,S-2.3.2,S-2.3
379,378,377,2,6,S,COYOACAN,TAXQUEA,3,S-2.3.6,S-2.3
380,379,378,2,5,S,COYOACAN,TAXQUEA,3,S-2.3.5,S-2.3
381,380,379,2,9,S,COYOACAN,TAXQUEA,3,S-2.3.9,S-2.3
382,381,380,2,11,S,COYOACAN,TAXQUEA,3,S-2.3.11,S-2.3
383,382,381,2,12,S,COYOACAN,TAXQUEA,3,S-2.3.12,S-2.3
384,383,382,2,16,S,COYOACAN,TAXQUEA,3,S-2.3.16,S-2.3
385,415,414,1,1,O,IZTAPALAPA,SANTA CRUZ,7,O-1.7.1,O-1.7
386,384,383,2,12,S,COYOACAN,CULHUACAN,2,S-2.2.12,S-2.2
387,385,384,2,11,S,COYOACAN,CULHUACAN,2,S-2.2.11,S-2.2
388,386,385,1,7,O,IZTAPALAPA,TEOTONGO,8,O-1.8.7,O-1.8
389,387,386,1,9,O,IZTAPALAPA,TEOTONGO,8,O-1.8.9,O-1.8
390,388,387,4,16,P,MIGUEL HIDALGO,TACUBA,4,P-4.4.16,P-4.4
391,389,388,4,7,P,MIGUEL HIDALGO,SOTELO,3,P-4.3.7,P-4.3
392,390,389,4,2,P,MIGUEL HIDALGO,CHAPULTEPEC,1,P-4.1.2,P-4.1
393,391,390,4,5,P,MIGUEL HIDALGO,CHAPULTEPEC,1,P-4.1.5,P-4.1
394,392,391,4,11,P,MIGUEL HIDALGO,TACUBAYA,5,P-4.5.11,P-4.5
395,393,392,4,5,P,MIGUEL HIDALGO,TACUBAYA,5,P-4.5.5,P-4.5
396,394,393,4,12,P,MIGUEL HIDALGO,CHAPULTEPEC,1,P-4.1.12,P-4.1
397,395,394,4,10,P,MIGUEL HIDALGO,CHAPULTEPEC,1,P-4.1.10,P-4.1
398,396,395,4,4,P,MIGUEL HIDALGO,TACUBAYA,5,P-4.5.4,P-4.5
399,397,396,4,8,P,MIGUEL HIDALGO,TACUBAYA,5,P-4.5.8,P-4.5
400,398,397,4,5,P,MIGUEL HIDALGO,POLANCO-CASTILLO,2,P-4.2.5,P-4.2
401,399,398,4,10,P,MIGUEL HIDALGO,POLANCO-CASTILLO,2,P-4.2.10,P-4.2
402,400,399,4,1,P,MIGUEL HIDALGO,TACUBAYA,5,P-4.5.1,P-4.5
403,401,400,2,9,P,AZCAPOTZALCO,HORMIGA,3,P-2.3.9,P-2.3
404,402,401,2,12,P,AZCAPOTZALCO,CLAVERIA,1,P-2.1.12,P-2.1
405,403,402,2,2,P,AZCAPOTZALCO,CLAVERIA,1,P-2.1.2,P-2.1
406,404,403,2,14,N,IZTACALCO,PANTITLAN,2,N-2.2.14,N-2.2
407,406,405,2,8,P,AZCAPOTZALCO,CUITLAHUAC,2,P-2.2.8,P-2.2
408,407,406,2,4,P,AZCAPOTZALCO,CUITLAHUAC,2,P-2.2.4,P-2.2
409,408,407,2,2,P,AZCAPOTZALCO,CUITLAHUAC,2,P-2.2.2,P-2.2
410,409,408,2,3,P,AZCAPOTZALCO,LA RAZA,4,P-2.4.3,P-2.4
411,446,445,3,2,S,MAGDALENA CONTRERAS,SAN JERONIMO,2,S-3.2.2,S-3.2
412,410,409,2,7,P,AZCAPOTZALCO,LA RAZA,4,P-2.4.7,P-2.4
413,411,410,4,7,S,TLALPAN,HUIPULCO-HOSPITALES,3,S-4.3.7,S-4.3
414,412,411,4,6,S,TLALPAN,HUIPULCO-HOSPITALES,3,S-4.3.6,S-4.3
415,413,412,4,1,S,TLALPAN,FUENTE,2,S-4.2.1,S-4.2
416,414,413,2,11,N,IZTACALCO,PANTITLAN,2,N-2.2.11,N-2.2
417,416,415,1,13,O,IZTAPALAPA,SANTA CRUZ,7,O-1.7.13,O-1.7
418,417,416,1,8,O,IZTAPALAPA,SANTA CRUZ,7,O-1.7.8,O-1.7
419,418,417,1,12,O,IZTAPALAPA,SANTA CRUZ,7,O-1.7.12,O-1.7
420,419,418,1,9,O,IZTAPALAPA,SANTA CRUZ,7,O-1.7.9,O-1.7
421,420,419,1,9,O,IZTAPALAPA,OASIS,5,O-1.5.9,O-1.5
422,421,420,1,18,O,IZTAPALAPA,OASIS,5,O-1.5.18,O-1.5
423,422,421,2,3,O,MILPA ALTA,MILPA ALTA,1,O-2.1.3,O-2.1
424,423,422,3,9,N,VENUSTIANO CARRANZA,MOCTEZUMA,5,N-3.5.9,N-3.5
425,424,423,3,10,N,VENUSTIANO CARRANZA,MOCTEZUMA,5,N-3.5.10,N-3.5
426,429,428,3,5,N,VENUSTIANO CARRANZA,MOCTEZUMA,5,N-3.5.5,N-3.5
427,425,424,2,3,O,MILPA ALTA,TECOMITL,2,O-2.2.3,O-2.2
428,426,425,1,3,P,ALVARO OBREGON,SANTA FE,4,P-1.4.3,P-1.4
429,427,426,3,2,N,VENUSTIANO CARRANZA,MOCTEZUMA,5,N-3.5.2,N-3.5
430,428,427,3,3,N,VENUSTIANO CARRANZA,MOCTEZUMA,5,N-3.5.3,N-3.5
431,430,429,3,14,N,VENUSTIANO CARRANZA,MOCTEZUMA,5,N-3.5.14,N-3.5
432,431,430,1,2,N,GUSTAVO A MADERO,QUIROGA,6,N-1.6.2,N-1.6
433,432,431,1,6,N,GUSTAVO A MADERO,QUIROGA,6,N-1.6.6,N-1.6
434,433,432,1,9,N,GUSTAVO A MADERO,QUIROGA,6,N-1.6.9,N-1.6
435,434,433,2,10,N,IZTACALCO,TLACOTAL,3,N-2.3.10,N-2.3
436,435,434,1,10,N,GUSTAVO A MADERO,TICOMAN,8,N-1.8.10,N-1.8
437,436,435,1,13,O,IZTAPALAPA,ABASTO-REFORMA,1,O-1.1.13,O-1.1
438,437,436,1,22,O,IZTAPALAPA,ABASTO-REFORMA,1,O-1.1.22,O-1.1
439,438,437,1,12,O,IZTAPALAPA,GRANJAS,4,O-1.4.12,O-1.4
440,439,438,1,3,O,IZTAPALAPA,GRANJAS,4,O-1.4.3,O-1.4
441,440,439,1,9,O,IZTAPALAPA,GRANJAS,4,O-1.4.9,O-1.4
442,441,440,3,4,S,MAGDALENA CONTRERAS,SAN JERONIMO,2,S-3.2.4,S-3.2
443,442,441,3,13,S,MAGDALENA CONTRERAS,SAN JERONIMO,2,S-3.2.13,S-3.2
444,443,442,1,8,N,GUSTAVO A MADERO,QUIROGA,6,N-1.6.8,N-1.6
445,444,443,1,7,C,CUAUHTEMOC,ROMA,7,C-1.7.7,C-1.7
446,445,444,1,5,P,ALVARO OBREGON,PLATEROS,2,P-1.2.5,P-1.2
447,447,446,2,1,S,COYOACAN,CULHUACAN,2,S-2.2.1,S-2.2
448,448,447,2,15,S,COYOACAN,CULHUACAN,2,S-2.2.15,S-2.2
449,449,448,1,3,N,GUSTAVO A MADERO,ARAGON,1,N-1.1.3,N-1.1
450,450,449,1,7,N,GUSTAVO A MADERO,ARAGON,1,N-1.1.7,N-1.1
451,467,466,1,9,O,IZTAPALAPA,ABASTO-REFORMA,1,O-1.1.9,O-1.1
452,451,450,1,3,S,BENITO JUAREZ,NAPOLES,2,S-1.2.3,S-1.2
453,452,451,1,1,S,BENITO JUAREZ,NAPOLES,2,S-1.2.1,S-1.2
454,453,452,4,19,P,MIGUEL HIDALGO,TACUBA,4,P-4.4.19,P-4.4
455,454,453,3,11,S,MAGDALENA CONTRERAS,SAN JERONIMO,2,S-3.2.11,S-3.2
456,455,454,4,15,P,MIGUEL HIDALGO,TACUBA,4,P-4.4.15,P-4.4
457,456,455,4,2,P,MIGUEL HIDALGO,TACUBA,4,P-4.4.2,P-4.4
458,457,456,4,1,O,XOCHIMILCO,LA NORIA,1,O-4.1.1,O-4.1
459,458,457,4,1,P,MIGUEL HIDALGO,TACUBA,4,P-4.4.1,P-4.4
460,459,458,2,5,P,AZCAPOTZALCO,LA RAZA,4,P-2.4.5,P-2.4
461,460,459,1,3,P,ALVARO OBREGON,SAN ANGEL,3,P-1.3.3,P-1.3
462,461,460,1,6,P,ALVARO OBREGON,SAN ANGEL,3,P-1.3.6,P-1.3
463,478,477,1,3,O,IZTAPALAPA,ABASTO-REFORMA,1,O-1.1.3,O-1.1
464,462,461,1,1,C,CUAUHTEMOC,TLATELOLCO,8,C-1.8.1,C-1.8
465,463,462,1,4,C,CUAUHTEMOC,CENTRO,5,C-1.5.4,C-1.5
466,464,463,1,6,C,CUAUHTEMOC,CENTRO,5,C-1.5.6,C-1.5
467,465,464,1,2,C,CUAUHTEMOC,MORELOS,6,C-1.6.2,C-1.6
468,466,465,1,9,C,CUAUHTEMOC,ASTURIAS,3,C-1.3.9,C-1.3
469,468,467,1,19,O,IZTAPALAPA,ABASTO-REFORMA,1,O-1.1.19,O-1.1
470,469,468,1,10,O,IZTAPALAPA,SANTA CRUZ,7,O-1.7.10,O-1.7
471,470,469,1,3,O,IZTAPALAPA,SANTA CRUZ,7,O-1.7.3,O-1.7
472,471,470,1,10,O,IZTAPALAPA,GRANJAS,4,O-1.4.10,O-1.4
473,472,471,1,20,O,IZTAPALAPA,OASIS,5,O-1.5.20,O-1.5
474,473,472,1,3,O,IZTAPALAPA,OASIS,5,O-1.5.3,O-1.5
475,474,473,1,7,O,IZTAPALAPA,OASIS,5,O-1.5.7,O-1.5
476,475,474,1,22,O,IZTAPALAPA,OASIS,5,O-1.5.22,O-1.5
477,476,475,1,12,O,IZTAPALAPA,OASIS,5,O-1.5.12,O-1.5
478,477,476,1,7,O,IZTAPALAPA,CHURUBUSCO,2,O-1.2.7,O-1.2
479,479,478,3,3,N,VENUSTIANO CARRANZA,ZARAGOZA,6,N-3.6.3,N-3.6
480,480,479,1,1,O,IZTAPALAPA,ESTRELLA,3,O-1.3.1,O-1.3
481,481,480,3,1,P,CUAJIMALPA,EL YAQUI,2,P-3.2.1,P-3.2
482,482,481,1,5,N,GUSTAVO A MADERO,TICOMAN,8,N-1.8.5,N-1.8
483,483,482,1,9,N,GUSTAVO A MADERO,ARAGON,1,N-1.1.9,N-1.1
484,484,483,3,3,O,TLAHUAC,MIXQUIC,1,O-3.1.3,O-3.1
485,485,484,2,5,O,MILPA ALTA,MILPA ALTA,1,O-2.1.5,O-2.1
486,486,485,2,2,O,MILPA ALTA,MILPA ALTA,1,O-2.1.2,O-2.1
487,487,486,1,1,S,BENITO JUAREZ,NATIVITAS,4,S-1.4.1,S-1.4
488,488,487,1,2,S,BENITO JUAREZ,NATIVITAS,4,S-1.4.2,S-1.4
489,489,488,4,4,S,TLALPAN,PADIERNA,4,S-4.4.4,S-4.4
490,490,489,1,5,S,BENITO JUAREZ,NATIVITAS,4,S-1.4.5,S-1.4
491,491,490,4,6,S,TLALPAN,PADIERNA,4,S-4.4.6,S-4.4
492,492,491,4,7,S,TLALPAN,PADIERNA,4,S-4.4.7,S-4.4
493,493,492,4,2,S,TLALPAN,FUENTE,2,S-4.2.2,S-4.2
494,494,493,1,6,S,BENITO JUAREZ,NATIVITAS,4,S-1.4.6,S-1.4
495,495,494,4,4,S,TLALPAN,FUENTE,2,S-4.2.4,S-4.2
496,496,495,4,5,S,TLALPAN,TOPILEJO,5,S-4.5.5,S-4.5
497,497,496,3,2,O,TLAHUAC,ZAPOTITLA,2,O-3.2.2,O-3.2
498,498,497,4,14,S,TLALPAN,COAPA,1,S-4.1.14,S-4.1
499,499,498,4,5,S,TLALPAN,COAPA,1,S-4.1.5,S-4.1
500,500,499,3,5,O,TLAHUAC,ZAPOTITLA,2,O-3.2.5,O-3.2
501,501,500,3,9,O,TLAHUAC,ZAPOTITLA,2,O-3.2.9,O-3.2
502,502,501,3,10,O,TLAHUAC,ZAPOTITLA,2,O-3.2.10,O-3.2
503,503,502,3,6,O,TLAHUAC,MIXQUIC,1,O-3.1.6,O-3.1
504,504,503,1,6,O,IZTAPALAPA,TEOTONGO,8,O-1.8.6,O-1.8
505,505,504,1,16,S,BENITO JUAREZ,NARVARTE-ALAMOS,3,S-1.3.16,S-1.3
506,506,505,1,2,C,CUAUHTEMOC,ALAMEDA,1,C-1.1.2,C-1.1
507,507,506,4,9,O,XOCHIMILCO,TEPEPAN,2,O-4.2.9,O-4.2
508,508,507,1,1,S,BENITO JUAREZ,NARVARTE-ALAMOS,3,S-1.3.1,S-1.3
509,509,508,1,3,S,BENITO JUAREZ,NARVARTE-ALAMOS,3,S-1.3.3,S-1.3
510,510,509,1,15,S,BENITO JUAREZ,NARVARTE-ALAMOS,3,S-1.3.15,S-1.3
511,511,510,1,1,O,IZTAPALAPA,TEZONCO,9,O-1.9.1,O-1.9
512,512,511,1,6,O,IZTAPALAPA,TEZONCO,9,O-1.9.6,O-1.9
513,513,512,3,8,O,TLAHUAC,MIXQUIC,1,O-3.1.8,O-3.1
514,520,519,1,13,C,CUAUHTEMOC,ROMA,7,C-1.7.13,C-1.7
515,514,513,1,13,O,IZTAPALAPA,QUETZAL,6,O-1.6.13,O-1.6
516,515,514,4,11,P,MIGUEL HIDALGO,TACUBA,4,P-4.4.11,P-4.4
517,516,515,1,4,P,ALVARO OBREGON,ALPES,1,P-1.1.4,P-1.1
518,517,516,3,4,P,CUAJIMALPA,CUAJIMALPA,1,P-3.1.4,P-3.1
519,518,517,3,5,P,CUAJIMALPA,CUAJIMALPA,1,P-3.1.5,P-3.1
520,519,518,3,7,P,CUAJIMALPA,CUAJIMALPA,1,P-3.1.7,P-3.1
521,537,536,4,9,O,XOCHIMILCO,LA NORIA,1,O-4.1.9,O-4.1
522,521,520,1,7,O,IZTAPALAPA,QUETZAL,6,O-1.6.7,O-1.6
523,522,521,1,6,O,IZTAPALAPA,QUETZAL,6,O-1.6.6,O-1.6
524,523,522,4,9,P,MIGUEL HIDALGO,TACUBA,4,P-4.4.9,P-4.4
525,524,523,1,21,N,GUSTAVO A MADERO,CUAUTEPEC,2,N-1.2.21,N-1.2
526,525,524,1,12,N,GUSTAVO A MADERO,TICOMAN,8,N-1.8.12,N-1.8
527,526,525,3,10,S,MAGDALENA CONTRERAS,SAN JERONIMO,2,S-3.2.10,S-3.2
528,527,526,3,2,P,CUAJIMALPA,EL YAQUI,2,P-3.2.2,P-3.2
529,528,527,3,5,P,CUAJIMALPA,EL YAQUI,2,P-3.2.5,P-3.2
530,529,528,3,2,N,VENUSTIANO CARRANZA,MERCED-BALBUENA,4,N-3.4.2,N-3.4
531,530,529,3,5,N,VENUSTIANO CARRANZA,ZARAGOZA,6,N-3.6.5,N-3.6
532,531,530,1,2,P,ALVARO OBREGON,SANTA FE,4,P-1.4.2,P-1.4
533,532,531,4,15,P,MIGUEL HIDALGO,POLANCO-CASTILLO,2,P-4.2.15,P-4.2
534,533,532,4,17,S,TLALPAN,COAPA,1,S-4.1.17,S-4.1
535,534,533,1,3,P,ALVARO OBREGON,ALPES,1,P-1.1.3,P-1.1
536,535,534,1,4,P,ALVARO OBREGON,SANTA FE,4,P-1.4.4,P-1.4
537,536,535,4,5,S,TLALPAN,HUIPULCO-HOSPITALES,3,S-4.3.5,S-4.3
538,538,537,4,4,O,XOCHIMILCO,TEPEPAN,2,O-4.2.4,O-4.2
539,539,538,3,6,S,MAGDALENA CONTRERAS,DINAMO,1,S-3.1.6,S-3.1
540,540,539,4,2,O,XOCHIMILCO,LA NORIA,1,O-4.1.2,O-4.1
541,541,540,4,3,S,TLALPAN,TOPILEJO,5,S-4.5.3,S-4.5
542,542,541,2,5,S,COYOACAN,UNIVERSIDAD,4,S-2.4.5,S-2.4
543,543,542,2,10,S,COYOACAN,UNIVERSIDAD,4,S-2.4.10,S-2.4
544,544,543,2,8,S,COYOACAN,UNIVERSIDAD,4,S-2.4.8,S-2.4
545,545,544,4,4,S,TLALPAN,TOPILEJO,5,S-4.5.4,S-4.5
546,546,545,4,6,S,TLALPAN,FUENTE,2,S-4.2.6,S-4.2
547,547,546,1,3,C,CUAUHTEMOC,TLATELOLCO,8,C-1.8.3,C-1.8
548,548,547,1,6,C,CUAUHTEMOC,TLATELOLCO,8,C-1.8.6,C-1.8
549,549,548,1,7,C,CUAUHTEMOC,TLATELOLCO,8,C-1.8.7,C-1.8
550,550,549,1,9,C,CUAUHTEMOC,TLATELOLCO,8,C-1.8.9,C-1.8
551,551,550,1,10,C,CUAUHTEMOC,TLATELOLCO,8,C-1.8.10,C-1.8
552,552,551,1,1,C,CUAUHTEMOC,BUENAVISTA,4,C-1.4.1,C-1.4
553,553,552,1,3,C,CUAUHTEMOC,BUENAVISTA,4,C-1.4.3,C-1.4
554,554,553,1,5,C,CUAUHTEMOC,BUENAVISTA,4,C-1.4.5,C-1.4
555,602,601,1,10,N,GUSTAVO A MADERO,LINDAVISTA,4,N-1.4.10,N-1.4
556,555,554,1,8,C,CUAUHTEMOC,BUENAVISTA,4,C-1.4.8,C-1.4
557,556,555,1,10,C,CUAUHTEMOC,BUENAVISTA,4,C-1.4.10,C-1.4
558,557,556,1,14,C,CUAUHTEMOC,BUENAVISTA,4,C-1.4.14,C-1.4
559,558,557,1,16,C,CUAUHTEMOC,BUENAVISTA,4,C-1.4.16,C-1.4
560,559,558,1,5,C,CUAUHTEMOC,ALAMEDA,1,C-1.1.5,C-1.1
561,560,559,1,3,C,CUAUHTEMOC,ANGEL,2,C-1.2.3,C-1.2
562,561,560,1,5,C,CUAUHTEMOC,ANGEL,2,C-1.2.5,C-1.2
563,562,561,1,7,C,CUAUHTEMOC,ALAMEDA,1,C-1.1.7,C-1.1
564,563,562,1,9,C,CUAUHTEMOC,ALAMEDA,1,C-1.1.9,C-1.1
565,564,563,1,1,C,CUAUHTEMOC,ALAMEDA,1,C-1.1.1,C-1.1
566,565,564,1,18,C,CUAUHTEMOC,BUENAVISTA,4,C-1.4.18,C-1.4
567,566,565,1,15,C,CUAUHTEMOC,ANGEL,2,C-1.2.15,C-1.2
568,739,738,2,9,S,COYOACAN,XOTEPINGO,5,S-2.5.9,S-2.5
569,567,566,1,17,C,CUAUHTEMOC,ANGEL,2,C-1.2.17,C-1.2
570,568,567,1,18,C,CUAUHTEMOC,ANGEL,2,C-1.2.18,C-1.2
571,569,568,1,2,C,CUAUHTEMOC,ROMA,7,C-1.7.2,C-1.7
572,570,569,3,3,N,VENUSTIANO CARRANZA,CONGRESO,2,N-3.2.3,N-3.2
573,571,570,3,1,N,VENUSTIANO CARRANZA,CONGRESO,2,N-3.2.1,N-3.2
574,572,571,3,6,N,VENUSTIANO CARRANZA,CONGRESO,2,N-3.2.6,N-3.2
575,573,572,3,5,N,VENUSTIANO CARRANZA,CONGRESO,2,N-3.2.5,N-3.2
576,574,573,1,10,N,GUSTAVO A MADERO,CUAUTEPEC,2,N-1.2.10,N-1.2
577,575,574,1,7,N,GUSTAVO A MADERO,CUAUTEPEC,2,N-1.2.7,N-1.2
578,576,575,1,13,N,GUSTAVO A MADERO,CUAUTEPEC,2,N-1.2.13,N-1.2
579,586,585,3,11,N,VENUSTIANO CARRANZA,MOCTEZUMA,5,N-3.5.11,N-3.5
580,577,576,1,20,N,GUSTAVO A MADERO,CUAUTEPEC,2,N-1.2.20,N-1.2
581,578,577,1,15,N,GUSTAVO A MADERO,CUAUTEPEC,2,N-1.2.15,N-1.2
582,579,578,1,3,N,GUSTAVO A MADERO,CUCHILLA,3,N-1.3.3,N-1.3
583,580,579,2,1,N,IZTACALCO,IZTACCIHUATL,1,N-2.1.1,N-2.1
584,581,580,2,4,N,IZTACALCO,IZTACCIHUATL,1,N-2.1.4,N-2.1
585,582,581,2,6,N,IZTACALCO,IZTACCIHUATL,1,N-2.1.6,N-2.1
586,583,582,3,5,N,VENUSTIANO CARRANZA,CONSULADO,3,N-3.3.5,N-3.3
587,584,583,3,11,N,VENUSTIANO CARRANZA,MERCED-BALBUENA,4,N-3.4.11,N-3.4
588,585,584,3,12,N,VENUSTIANO CARRANZA,MOCTEZUMA,5,N-3.5.12,N-3.5
589,791,790,4,2,S,TLALPAN,PADIERNA,4,S-4.4.2,S-4.4
590,587,586,1,7,N,GUSTAVO A MADERO,QUIROGA,6,N-1.6.7,N-1.6
591,588,587,1,3,N,GUSTAVO A MADERO,TEPEYAC,7,N-1.7.3,N-1.7
592,589,588,1,2,N,GUSTAVO A MADERO,TEPEYAC,7,N-1.7.2,N-1.7
593,590,589,1,9,N,GUSTAVO A MADERO,TEPEYAC,7,N-1.7.9,N-1.7
594,591,590,1,5,N,GUSTAVO A MADERO,TEPEYAC,7,N-1.7.5,N-1.7
595,592,591,1,6,N,GUSTAVO A MADERO,TEPEYAC,7,N-1.7.6,N-1.7
596,593,592,1,7,N,GUSTAVO A MADERO,TEPEYAC,7,N-1.7.7,N-1.7
597,594,593,1,11,N,GUSTAVO A MADERO,TICOMAN,8,N-1.8.11,N-1.8
598,595,594,1,13,N,GUSTAVO A MADERO,TICOMAN,8,N-1.8.13,N-1.8
599,596,595,1,17,N,GUSTAVO A MADERO,LINDAVISTA,4,N-1.4.17,N-1.4
600,597,596,1,13,N,GUSTAVO A MADERO,LINDAVISTA,4,N-1.4.13,N-1.4
601,598,597,1,9,N,GUSTAVO A MADERO,LINDAVISTA,4,N-1.4.9,N-1.4
602,599,598,1,15,N,GUSTAVO A MADERO,LINDAVISTA,4,N-1.4.15,N-1.4
603,600,599,1,8,N,GUSTAVO A MADERO,LINDAVISTA,4,N-1.4.8,N-1.4
604,601,600,1,6,N,GUSTAVO A MADERO,LINDAVISTA,4,N-1.4.6,N-1.4
605,603,602,2,10,N,IZTACALCO,PANTITLAN,2,N-2.2.10,N-2.2
606,604,603,2,9,N,IZTACALCO,PANTITLAN,2,N-2.2.9,N-2.2
607,605,604,3,6,N,VENUSTIANO CARRANZA,ARENAL,1,N-3.1.6,N-3.1
608,606,605,3,7,N,VENUSTIANO CARRANZA,ARENAL,1,N-3.1.7,N-3.1
609,607,606,1,1,N,GUSTAVO A MADERO,PRADERA,5,N-1.5.1,N-1.5
610,608,607,1,3,N,GUSTAVO A MADERO,PRADERA,5,N-1.5.3,N-1.5
611,609,608,1,10,N,GUSTAVO A MADERO,PRADERA,5,N-1.5.10,N-1.5
612,610,609,1,3,C,CUAUHTEMOC,ASTURIAS,3,C-1.3.3,C-1.3
613,611,610,1,6,C,CUAUHTEMOC,ASTURIAS,3,C-1.3.6,C-1.3
614,612,611,1,14,C,CUAUHTEMOC,ASTURIAS,3,C-1.3.14,C-1.3
615,613,612,3,4,O,TLAHUAC,ZAPOTITLA,2,O-3.2.4,O-3.2
616,614,613,3,3,O,TLAHUAC,ZAPOTITLA,2,O-3.2.3,O-3.2
617,615,614,2,2,S,COYOACAN,UNIVERSIDAD,4,S-2.4.2,S-2.4
618,616,615,2,4,S,COYOACAN,UNIVERSIDAD,4,S-2.4.4,S-2.4
619,617,616,2,6,S,COYOACAN,UNIVERSIDAD,4,S-2.4.6,S-2.4
620,623,622,1,5,O,IZTAPALAPA,CHURUBUSCO,2,O-1.2.5,O-1.2
621,618,617,1,6,O,IZTAPALAPA,ABASTO-REFORMA,1,O-1.1.6,O-1.1
622,619,618,2,14,S,COYOACAN,UNIVERSIDAD,4,S-2.4.14,S-2.4
623,620,619,1,6,O,IZTAPALAPA,CHURUBUSCO,2,O-1.2.6,O-1.2
624,621,620,1,4,O,IZTAPALAPA,ABASTO-REFORMA,1,O-1.1.4,O-1.1
625,622,621,1,14,O,IZTAPALAPA,ABASTO-REFORMA,1,O-1.1.14,O-1.1
626,624,623,1,8,O,IZTAPALAPA,CHURUBUSCO,2,O-1.2.8,O-1.2
627,625,624,1,10,O,IZTAPALAPA,CHURUBUSCO,2,O-1.2.10,O-1.2
628,626,625,1,16,O,IZTAPALAPA,ABASTO-REFORMA,1,O-1.1.16,O-1.1
629,627,626,1,3,O,IZTAPALAPA,TEZONCO,9,O-1.9.3,O-1.9
630,628,627,1,6,S,BENITO JUAREZ,NARVARTE-ALAMOS,3,S-1.3.6,S-1.3
631,629,628,4,1,S,TLALPAN,COAPA,1,S-4.1.1,S-4.1
632,630,629,4,3,S,TLALPAN,COAPA,1,S-4.1.3,S-4.1
633,631,630,4,7,S,TLALPAN,COAPA,1,S-4.1.7,S-4.1
634,632,631,4,10,S,TLALPAN,COAPA,1,S-4.1.10,S-4.1
635,633,632,4,16,S,TLALPAN,COAPA,1,S-4.1.16,S-4.1
636,634,633,4,12,S,TLALPAN,COAPA,1,S-4.1.12,S-4.1
637,635,634,4,13,S,TLALPAN,COAPA,1,S-4.1.13,S-4.1
638,636,635,2,5,S,COYOACAN,COYOACAN,1,S-2.1.5,S-2.1
639,637,636,2,9,S,COYOACAN,COYOACAN,1,S-2.1.9,S-2.1
640,638,637,2,7,S,COYOACAN,COYOACAN,1,S-2.1.7,S-2.1
641,639,638,2,4,S,COYOACAN,COYOACAN,1,S-2.1.4,S-2.1
642,640,639,2,10,S,COYOACAN,COYOACAN,1,S-2.1.10,S-2.1
643,641,640,2,11,S,COYOACAN,COYOACAN,1,S-2.1.11,S-2.1
644,642,641,2,13,S,COYOACAN,COYOACAN,1,S-2.1.13,S-2.1
645,643,642,2,14,S,COYOACAN,CULHUACAN,2,S-2.2.14,S-2.2
646,644,643,1,8,S,BENITO JUAREZ,DEL VALLE,1,S-1.1.8,S-1.1
647,645,644,1,9,S,BENITO JUAREZ,DEL VALLE,1,S-1.1.9,S-1.1
648,646,645,1,10,S,BENITO JUAREZ,DEL VALLE,1,S-1.1.10,S-1.1
649,647,646,1,11,S,BENITO JUAREZ,DEL VALLE,1,S-1.1.11,S-1.1
650,648,647,1,15,S,BENITO JUAREZ,DEL VALLE,1,S-1.1.15,S-1.1
651,649,648,1,2,S,BENITO JUAREZ,DEL VALLE,1,S-1.1.2,S-1.1
652,650,649,1,3,S,BENITO JUAREZ,DEL VALLE,1,S-1.1.3,S-1.1
653,651,650,1,4,S,BENITO JUAREZ,DEL VALLE,1,S-1.1.4,S-1.1
654,652,651,1,3,S,BENITO JUAREZ,NATIVITAS,4,S-1.4.3,S-1.4
655,653,652,1,4,S,BENITO JUAREZ,NATIVITAS,4,S-1.4.4,S-1.4
656,654,653,1,4,S,BENITO JUAREZ,PORTALES,5,S-1.5.4,S-1.5
657,655,654,1,7,S,BENITO JUAREZ,PORTALES,5,S-1.5.7,S-1.5
658,656,655,1,9,S,BENITO JUAREZ,PORTALES,5,S-1.5.9,S-1.5
659,657,656,1,7,S,BENITO JUAREZ,NAPOLES,2,S-1.2.7,S-1.2
660,658,657,2,3,S,COYOACAN,TAXQUEA,3,S-2.3.3,S-2.3
661,659,658,2,8,S,COYOACAN,TAXQUEA,3,S-2.3.8,S-2.3
662,660,659,2,10,S,COYOACAN,TAXQUEA,3,S-2.3.10,S-2.3
663,661,660,2,1,S,COYOACAN,TAXQUEA,3,S-2.3.1,S-2.3
664,662,661,2,18,S,COYOACAN,TAXQUEA,3,S-2.3.18,S-2.3
665,663,662,2,4,S,COYOACAN,CULHUACAN,2,S-2.2.4,S-2.2
666,664,663,1,13,O,IZTAPALAPA,TEOTONGO,8,O-1.8.13,O-1.8
667,665,664,4,21,P,MIGUEL HIDALGO,TACUBA,4,P-4.4.21,P-4.4
668,676,675,4,3,P,MIGUEL HIDALGO,TACUBAYA,5,P-4.5.3,P-4.5
669,666,665,4,14,P,MIGUEL HIDALGO,TACUBA,4,P-4.4.14,P-4.4
670,667,666,4,5,P,MIGUEL HIDALGO,SOTELO,3,P-4.3.5,P-4.3
671,668,667,4,8,P,MIGUEL HIDALGO,SOTELO,3,P-4.3.8,P-4.3
672,669,668,4,2,P,MIGUEL HIDALGO,SOTELO,3,P-4.3.2,P-4.3
673,670,669,4,9,P,MIGUEL HIDALGO,SOTELO,3,P-4.3.9,P-4.3
674,671,670,4,12,P,MIGUEL HIDALGO,TACUBAYA,5,P-4.5.12,P-4.5
675,672,671,4,3,P,MIGUEL HIDALGO,CHAPULTEPEC,1,P-4.1.3,P-4.1
676,673,672,4,8,P,MIGUEL HIDALGO,CHAPULTEPEC,1,P-4.1.8,P-4.1
677,674,673,4,7,P,MIGUEL HIDALGO,CHAPULTEPEC,1,P-4.1.7,P-4.1
678,675,674,4,6,P,MIGUEL HIDALGO,CHAPULTEPEC,1,P-4.1.6,P-4.1
679,677,676,4,2,P,MIGUEL HIDALGO,POLANCO-CASTILLO,2,P-4.2.2,P-4.2
680,678,677,4,9,P,MIGUEL HIDALGO,POLANCO-CASTILLO,2,P-4.2.9,P-4.2
681,679,678,4,3,P,MIGUEL HIDALGO,POLANCO-CASTILLO,2,P-4.2.3,P-4.2
682,680,679,4,4,P,MIGUEL HIDALGO,POLANCO-CASTILLO,2,P-4.2.4,P-4.2
683,681,680,4,7,P,MIGUEL HIDALGO,POLANCO-CASTILLO,2,P-4.2.7,P-4.2
684,682,681,4,8,P,MIGUEL HIDALGO,POLANCO-CASTILLO,2,P-4.2.8,P-4.2
685,683,682,4,13,P,MIGUEL HIDALGO,POLANCO-CASTILLO,2,P-4.2.13,P-4.2
686,684,683,4,14,P,MIGUEL HIDALGO,POLANCO-CASTILLO,2,P-4.2.14,P-4.2
687,685,684,2,6,P,AZCAPOTZALCO,HORMIGA,3,P-2.3.6,P-2.3
688,686,685,2,4,P,AZCAPOTZALCO,HORMIGA,3,P-2.3.4,P-2.3
689,687,686,2,11,P,AZCAPOTZALCO,HORMIGA,3,P-2.3.11,P-2.3
690,688,687,2,8,P,AZCAPOTZALCO,HORMIGA,3,P-2.3.8,P-2.3
691,689,688,2,1,P,AZCAPOTZALCO,HORMIGA,3,P-2.3.1,P-2.3
692,699,698,3,7,O,TLAHUAC,MIXQUIC,1,O-3.1.7,O-3.1
693,690,689,2,1,P,AZCAPOTZALCO,CLAVERIA,1,P-2.1.1,P-2.1
694,691,690,2,8,P,AZCAPOTZALCO,CLAVERIA,1,P-2.1.8,P-2.1
695,692,691,2,9,P,AZCAPOTZALCO,CLAVERIA,1,P-2.1.9,P-2.1
696,693,692,2,3,P,AZCAPOTZALCO,CLAVERIA,1,P-2.1.3,P-2.1
697,705,704,3,3,S,MAGDALENA CONTRERAS,SAN JERONIMO,2,S-3.2.3,S-3.2
698,694,693,2,7,P,AZCAPOTZALCO,CLAVERIA,1,P-2.1.7,P-2.1
699,695,694,2,3,P,AZCAPOTZALCO,CUITLAHUAC,2,P-2.2.3,P-2.2
700,696,695,2,5,P,AZCAPOTZALCO,CUITLAHUAC,2,P-2.2.5,P-2.2
701,697,696,3,1,O,TLAHUAC,MIXQUIC,1,O-3.1.1,O-3.1
702,698,697,2,16,N,IZTACALCO,PANTITLAN,2,N-2.2.16,N-2.2
703,700,699,4,4,S,TLALPAN,HUIPULCO-HOSPITALES,3,S-4.3.4,S-4.3
704,701,700,4,8,S,TLALPAN,HUIPULCO-HOSPITALES,3,S-4.3.8,S-4.3
705,702,701,4,2,S,TLALPAN,HUIPULCO-HOSPITALES,3,S-4.3.2,S-4.3
706,703,702,4,11,S,TLALPAN,HUIPULCO-HOSPITALES,3,S-4.3.11,S-4.3
707,704,703,4,8,S,TLALPAN,TOPILEJO,5,S-4.5.8,S-4.5
708,706,705,1,7,O,IZTAPALAPA,SANTA CRUZ,7,O-1.7.7,O-1.7
709,707,706,1,14,O,IZTAPALAPA,SANTA CRUZ,7,O-1.7.14,O-1.7
710,708,707,1,1,O,IZTAPALAPA,OASIS,5,O-1.5.1,O-1.5
711,709,708,1,5,O,IZTAPALAPA,OASIS,5,O-1.5.5,O-1.5
712,710,709,1,6,O,IZTAPALAPA,OASIS,5,O-1.5.6,O-1.5
713,711,710,1,17,O,IZTAPALAPA,OASIS,5,O-1.5.17,O-1.5
714,712,711,3,13,N,VENUSTIANO CARRANZA,MOCTEZUMA,5,N-3.5.13,N-3.5
715,713,712,2,4,O,MILPA ALTA,TECOMITL,2,O-2.2.4,O-2.2
716,714,713,3,6,N,VENUSTIANO CARRANZA,MOCTEZUMA,5,N-3.5.6,N-3.5
717,715,714,1,4,N,GUSTAVO A MADERO,QUIROGA,6,N-1.6.4,N-1.6
718,716,715,2,5,N,IZTACALCO,TLACOTAL,3,N-2.3.5,N-2.3
719,717,716,2,11,N,IZTACALCO,TLACOTAL,3,N-2.3.11,N-2.3
720,718,717,1,11,O,IZTAPALAPA,ABASTO-REFORMA,1,O-1.1.11,O-1.1
721,719,718,1,7,P,ALVARO OBREGON,PLATEROS,2,P-1.2.7,P-1.2
722,720,719,1,3,P,ALVARO OBREGON,PLATEROS,2,P-1.2.3,P-1.2
723,721,720,1,2,P,ALVARO OBREGON,PLATEROS,2,P-1.2.2,P-1.2
724,726,725,2,3,S,COYOACAN,CULHUACAN,2,S-2.2.3,S-2.2
725,722,721,1,4,P,ALVARO OBREGON,PLATEROS,2,P-1.2.4,P-1.2
726,723,722,1,6,P,ALVARO OBREGON,PLATEROS,2,P-1.2.6,P-1.2
727,724,723,1,9,P,ALVARO OBREGON,PLATEROS,2,P-1.2.9,P-1.2
728,725,724,3,9,S,MAGDALENA CONTRERAS,SAN JERONIMO,2,S-3.2.9,S-3.2
729,732,731,1,2,N,GUSTAVO A MADERO,ARAGON,1,N-1.1.2,N-1.1
730,727,726,2,2,S,COYOACAN,CULHUACAN,2,S-2.2.2,S-2.2
731,728,727,1,5,N,GUSTAVO A MADERO,ARAGON,1,N-1.1.5,N-1.1
732,729,728,2,7,S,COYOACAN,CULHUACAN,2,S-2.2.7,S-2.2
733,730,729,2,9,S,COYOACAN,CULHUACAN,2,S-2.2.9,S-2.2
734,731,730,3,4,S,MAGDALENA CONTRERAS,DINAMO,1,S-3.1.4,S-3.1
735,738,737,2,3,S,COYOACAN,XOTEPINGO,5,S-2.5.3,S-2.5
736,733,732,1,4,N,GUSTAVO A MADERO,ARAGON,1,N-1.1.4,N-1.1
737,734,733,1,11,S,BENITO JUAREZ,NAPOLES,2,S-1.2.11,S-1.2
738,735,734,1,12,S,BENITO JUAREZ,NAPOLES,2,S-1.2.12,S-1.2
739,736,735,4,10,S,TLALPAN,HUIPULCO-HOSPITALES,3,S-4.3.10,S-4.3
740,737,736,2,8,S,COYOACAN,XOTEPINGO,5,S-2.5.8,S-2.5
741,740,739,3,1,S,MAGDALENA CONTRERAS,DINAMO,1,S-3.1.1,S-3.1
742,741,740,3,3,S,MAGDALENA CONTRERAS,DINAMO,1,S-3.1.3,S-3.1
743,742,741,4,6,P,MIGUEL HIDALGO,POLANCO-CASTILLO,2,P-4.2.6,P-4.2
744,743,742,1,10,O,IZTAPALAPA,QUETZAL,6,O-1.6.10,O-1.6
745,744,743,2,1,P,AZCAPOTZALCO,CUITLAHUAC,2,P-2.2.1,P-2.2
746,745,744,1,4,C,CUAUHTEMOC,MORELOS,6,C-1.6.4,C-1.6
747,746,745,2,4,P,AZCAPOTZALCO,LA RAZA,4,P-2.4.4,P-2.4
748,747,746,4,6,P,MIGUEL HIDALGO,SOTELO,3,P-4.3.6,P-4.3
749,748,747,1,2,P,ALVARO OBREGON,SAN ANGEL,3,P-1.3.2,P-1.3
750,749,748,1,4,P,ALVARO OBREGON,SAN ANGEL,3,P-1.3.4,P-1.3
751,750,749,1,7,P,ALVARO OBREGON,SAN ANGEL,3,P-1.3.7,P-1.3
752,757,756,1,4,C,CUAUHTEMOC,ALAMEDA,1,C-1.1.4,C-1.1
753,751,750,1,5,C,CUAUHTEMOC,MORELOS,6,C-1.6.5,C-1.6
754,752,751,1,16,C,CUAUHTEMOC,ANGEL,2,C-1.2.16,C-1.2
755,753,752,1,11,P,ALVARO OBREGON,SAN ANGEL,3,P-1.3.11,P-1.3
756,754,753,1,13,P,ALVARO OBREGON,SAN ANGEL,3,P-1.3.13,P-1.3
757,755,754,4,9,P,MIGUEL HIDALGO,TACUBAYA,5,P-4.5.9,P-4.5
758,756,755,1,5,C,CUAUHTEMOC,CENTRO,5,C-1.5.5,C-1.5
759,758,757,1,8,C,CUAUHTEMOC,CENTRO,5,C-1.5.8,C-1.5
760,759,758,1,3,C,CUAUHTEMOC,ALAMEDA,1,C-1.1.3,C-1.1
761,760,759,1,18,C,CUAUHTEMOC,ASTURIAS,3,C-1.3.18,C-1.3
762,761,760,1,11,C,CUAUHTEMOC,ASTURIAS,3,C-1.3.11,C-1.3
763,762,761,1,17,C,CUAUHTEMOC,ASTURIAS,3,C-1.3.17,C-1.3
764,763,762,1,12,C,CUAUHTEMOC,ASTURIAS,3,C-1.3.12,C-1.3
765,764,763,1,15,C,CUAUHTEMOC,ASTURIAS,3,C-1.3.15,C-1.3
766,765,764,1,20,O,IZTAPALAPA,ABASTO-REFORMA,1,O-1.1.20,O-1.1
767,766,765,1,17,O,IZTAPALAPA,ABASTO-REFORMA,1,O-1.1.17,O-1.1
768,767,766,1,5,O,IZTAPALAPA,SANTA CRUZ,7,O-1.7.5,O-1.7
769,772,771,1,8,O,IZTAPALAPA,ESTRELLA,3,O-1.3.8,O-1.3
770,768,767,1,7,O,IZTAPALAPA,GRANJAS,4,O-1.4.7,O-1.4
771,769,768,1,1,O,IZTAPALAPA,CHURUBUSCO,2,O-1.2.1,O-1.2
772,770,769,1,11,O,IZTAPALAPA,CHURUBUSCO,2,O-1.2.11,O-1.2
773,771,770,1,2,O,IZTAPALAPA,ABASTO-REFORMA,1,O-1.1.2,O-1.1
774,773,772,1,4,O,IZTAPALAPA,ESTRELLA,3,O-1.3.4,O-1.3
775,774,773,1,7,O,IZTAPALAPA,ESTRELLA,3,O-1.3.7,O-1.3
776,776,775,3,4,N,VENUSTIANO CARRANZA,ZARAGOZA,6,N-3.6.4,N-3.6
777,777,776,2,3,N,IZTACALCO,IZTACCIHUATL,1,N-2.1.3,N-2.1
778,778,777,2,1,N,IZTACALCO,TLACOTAL,3,N-2.3.1,N-2.3
779,779,778,2,2,N,IZTACALCO,TLACOTAL,3,N-2.3.2,N-2.3
780,780,779,3,3,P,CUAJIMALPA,EL YAQUI,2,P-3.2.3,P-3.2
781,815,814,1,10,S,BENITO JUAREZ,NARVARTE-ALAMOS,3,S-1.3.10,S-1.3
782,781,780,1,6,N,GUSTAVO A MADERO,TICOMAN,8,N-1.8.6,N-1.8
783,782,781,1,7,N,GUSTAVO A MADERO,TICOMAN,8,N-1.8.7,N-1.8
784,783,782,2,6,N,IZTACALCO,PANTITLAN,2,N-2.2.6,N-2.2
785,784,783,2,5,N,IZTACALCO,PANTITLAN,2,N-2.2.5,N-2.2
786,825,824,1,8,P,ALVARO OBREGON,ALPES,1,P-1.1.8,P-1.1
787,826,825,1,7,P,ALVARO OBREGON,ALPES,1,P-1.1.7,P-1.1
788,827,826,1,1,P,ALVARO OBREGON,ALPES,1,P-1.1.1,P-1.1
789,785,784,1,11,N,GUSTAVO A MADERO,CUAUTEPEC,2,N-1.2.11,N-1.2
790,786,785,3,6,P,CUAJIMALPA,EL YAQUI,2,P-3.2.6,P-3.2
791,787,786,1,4,N,GUSTAVO A MADERO,CUCHILLA,3,N-1.3.4,N-1.3
792,788,787,1,14,N,GUSTAVO A MADERO,CUAUTEPEC,2,N-1.2.14,N-1.2
793,789,788,2,1,O,MILPA ALTA,TECOMITL,2,O-2.2.1,O-2.2
794,790,789,4,1,S,TLALPAN,PADIERNA,4,S-4.4.1,S-4.4
795,792,791,4,3,S,TLALPAN,PADIERNA,4,S-4.4.3,S-4.4
796,793,792,4,5,S,TLALPAN,PADIERNA,4,S-4.4.5,S-4.4
797,794,793,4,8,S,TLALPAN,PADIERNA,4,S-4.4.8,S-4.4
798,795,794,1,9,S,BENITO JUAREZ,NATIVITAS,4,S-1.4.9,S-1.4
799,796,795,1,5,S,BENITO JUAREZ,PORTALES,5,S-1.5.5,S-1.5
800,797,796,4,5,S,TLALPAN,FUENTE,2,S-4.2.5,S-4.2
801,798,797,1,3,S,BENITO JUAREZ,PORTALES,5,S-1.5.3,S-1.5
802,799,798,1,6,S,BENITO JUAREZ,PORTALES,5,S-1.5.6,S-1.5
803,800,799,1,8,S,BENITO JUAREZ,PORTALES,5,S-1.5.8,S-1.5
804,801,800,3,1,O,TLAHUAC,ZAPOTITLA,2,O-3.2.1,O-3.2
805,802,801,4,1,S,TLALPAN,TOPILEJO,5,S-4.5.1,S-4.5
806,803,802,3,8,O,TLAHUAC,ZAPOTITLA,2,O-3.2.8,O-3.2
807,804,803,1,5,P,ALVARO OBREGON,SANTA FE,4,P-1.4.5,P-1.4
808,805,804,4,8,O,XOCHIMILCO,TEPEPAN,2,O-4.2.8,O-4.2
809,806,805,3,4,P,CUAJIMALPA,EL YAQUI,2,P-3.2.4,P-3.2
810,807,806,1,8,O,IZTAPALAPA,TEOTONGO,8,O-1.8.8,O-1.8
811,808,807,1,8,S,BENITO JUAREZ,NARVARTE-ALAMOS,3,S-1.3.8,S-1.3
812,809,808,4,9,S,TLALPAN,COAPA,1,S-4.1.9,S-4.1
813,810,809,1,1,C,CUAUHTEMOC,MORELOS,6,C-1.6.1,C-1.6
814,811,810,1,17,S,BENITO JUAREZ,NARVARTE-ALAMOS,3,S-1.3.17,S-1.3
815,812,811,4,6,O,XOCHIMILCO,TEPEPAN,2,O-4.2.6,O-4.2
816,813,812,1,2,S,BENITO JUAREZ,NARVARTE-ALAMOS,3,S-1.3.2,S-1.3
817,814,813,1,14,S,BENITO JUAREZ,NARVARTE-ALAMOS,3,S-1.3.14,S-1.3
818,816,815,1,4,O,IZTAPALAPA,TEZONCO,9,O-1.9.4,O-1.9
819,817,816,1,10,O,IZTAPALAPA,TEZONCO,9,O-1.9.10,O-1.9
820,818,817,1,9,O,IZTAPALAPA,TEZONCO,9,O-1.9.9,O-1.9
821,819,818,1,2,O,IZTAPALAPA,QUETZAL,6,O-1.6.2,O-1.6
822,820,819,1,3,O,IZTAPALAPA,QUETZAL,6,O-1.6.3,O-1.6
823,821,820,1,12,O,IZTAPALAPA,QUETZAL,6,O-1.6.12,O-1.6
824,822,821,1,11,O,IZTAPALAPA,QUETZAL,6,O-1.6.11,O-1.6
825,823,822,4,3,P,MIGUEL HIDALGO,TACUBA,4,P-4.4.3,P-4.4
826,824,823,1,5,P,ALVARO OBREGON,ALPES,1,P-1.1.5,P-1.1
827,828,827,3,2,P,CUAJIMALPA,CUAJIMALPA,1,P-3.1.2,P-3.1
828,829,828,3,3,P,CUAJIMALPA,CUAJIMALPA,1,P-3.1.3,P-3.1
829,830,829,3,6,P,CUAJIMALPA,CUAJIMALPA,1,P-3.1.6,P-3.1
830,831,830,1,4,C,CUAUHTEMOC,ROMA,7,C-1.7.4,C-1.7
831,832,831,1,6,C,CUAUHTEMOC,ROMA,7,C-1.7.6,C-1.7
832,833,832,1,5,C,CUAUHTEMOC,ROMA,7,C-1.7.5,C-1.7
833,834,833,1,4,O,IZTAPALAPA,QUETZAL,6,O-1.6.4,O-1.6
834,835,834,1,5,O,IZTAPALAPA,QUETZAL,6,O-1.6.5,O-1.6
835,836,835,4,4,P,MIGUEL HIDALGO,CHAPULTEPEC,1,P-4.1.4,P-4.1
836,837,836,3,1,P,CUAJIMALPA,CUAJIMALPA,1,P-3.1.1,P-3.1
837,838,837,4,10,O,XOCHIMILCO,LA NORIA,1,O-4.1.10,O-4.1
838,839,838,1,10,P,ALVARO OBREGON,ALPES,1,P-1.1.10,P-1.1
839,840,839,1,6,P,ALVARO OBREGON,SANTA FE,4,P-1.4.6,P-1.4
840,841,840,1,8,P,ALVARO OBREGON,PLATEROS,2,P-1.2.8,P-1.2
841,842,841,4,4,O,XOCHIMILCO,LA NORIA,1,O-4.1.4,O-4.1
842,843,842,4,3,O,XOCHIMILCO,LA NORIA,1,O-4.1.3,O-4.1
843,844,843,4,6,O,XOCHIMILCO,LA NORIA,1,O-4.1.6,O-4.1
844,845,844,4,5,O,XOCHIMILCO,LA NORIA,1,O-4.1.5,O-4.1
845,846,845,3,8,S,MAGDALENA CONTRERAS,SAN JERONIMO,2,S-3.2.8,S-3.2
846,847,846,3,6,N,VENUSTIANO CARRANZA,MERCED-BALBUENA,4,N-3.4.6,N-3.4
