sector,POBTOT,POBFEM,POBMAS,P_0A2,P_0A2_F,P_0A2_M,P_3YMAS,P_3YMAS_F,P_3YMAS_M,P_5YMAS,P_5YMAS_F,P_5YMAS_M,P_12YMAS,P_12YMAS_F,P_12YMAS_M,P_15YMAS,P_15YMAS_F,P_15YMAS_M,P_18YMAS,P_18YMAS_F,P_18YMAS_M,P_3A5,P_3A5_F,P_3A5_M,P_6A11,P_6A11_F,P_6A11_M,P_8A14,P_8A14_F,P_8A14_M,P_12A14,P_12A14_F,P_12A14_M,P_15A17,P_15A17_F,P_15A17_M,P_18A24,P_18A24_F,P_18A24_M,P_15A49_F,P_60YMAS,P_60YMAS_F,P_60YMAS_M,POB0_14,POB15_64,POB65_MAS,PNACENT,PNACENT_F,PNACENT_M,PNACOE,PNACOE_F,PNACOE_M,PRES2015,PRES2015_F,PRES2015_M,PRESOE15,PRESOE15_F,PRESOE15_M,P3YM_HLI,P3YM_HLI_F,P3YM_HLI_M,P3HLINHE,P3HLINHE_F,P3HLINHE_M,P3HLI_HE,P3HLI_HE_F,P3HLI_HE_M,P5_HLI,P5_HLI_NHE,P5_HLI_HE,PHOG_IND,POB_AFRO,POB_AFRO_F,POB_AFRO_M,PCON_DISC,PCDISC_MOT,PCDISC_VIS,PCDISC_LENG,PCDISC_AUD,PCDISC_MOT2,PCDISC_MEN,PCON_LIMI,PCLIM_CSB,PCLIM_VIS,PCLIM_HACO,PCLIM_OAUD,PCLIM_MOT2,PCLIM_RE_CO,PCLIM_PMEN,PSIND_LIM,P3A5_NOA,P3A5_NOA_F,P3A5_NOA_M,P6A11_NOA,P6A11_NOAF,P6A11_NOAM,P12A14NOA,P12A14NOAF,P12A14NOAM,P15A17A,P15A17A_F,P15A17A_M,P18A24A,P18A24A_F,P18A24A_M,P8A14AN,P8A14AN_F,P8A14AN_M,P15YM_AN,P15YM_AN_F,P15YM_AN_M,P15YM_SE,P15YM_SE_F,P15YM_SE_M,P15PRI_IN,P15PRI_INF,P15PRI_INM,P15PRI_CO,P15PRI_COF,P15PRI_COM,P15SEC_IN,P15SEC_INF,P15SEC_INM,P15SEC_CO,P15SEC_COF,P15SEC_COM,P18YM_PB,P18YM_PB_F,P18YM_PB_M,PEA,PEA_F,PEA_M,PE_INAC,PE_INAC_F,PE_INAC_M,POCUPADA,POCUPADA_F,POCUPADA_M,PDESOCUP,PDESOCUP_F,PDESOCUP_M,PSINDER,PDER_SS,PDER_IMSS,PDER_ISTE,PDER_ISTEE,PAFIL_PDOM,PDER_SEGP,PDER_IMSSB,PAFIL_IPRIV,PAFIL_OTRAI,P12YM_SOLT,P12YM_CASA,P12YM_SEPA,PCATOLICA,PRO_CRIEVA,POTRAS_REL,PSIN_RELIG,TOTHOG,HOGJEF_F,HOGJEF_M,POBHOG,PHOGJEF_F,PHOGJEF_M,VIVTOT,TVIVHAB,TVIVPAR,VIVPAR_HAB,VIVPARH_CV,TVIVPARHAB,VIVPAR_DES,VIVPAR_UT,OCUPVIVPAR,VPH_PISODT,VPH_PISOTI,VPH_1DOR,VPH_2YMASD,VPH_1CUART,VPH_2CUART,VPH_3YMASC,VPH_C_ELEC,VPH_S_ELEC,VPH_AGUADV,VPH_AEASP,VPH_AGUAFV,VPH_TINACO,VPH_CISTER,VPH_EXCSA,VPH_LETR,VPH_DRENAJ,VPH_NODREN,VPH_C_SERV,VPH_NDEAED,VPH_DSADMA,VPH_NDACMM,VPH_SNBIEN,VPH_REFRI,VPH_LAVAD,VPH_HMICRO,VPH_AUTOM,VPH_MOTO,VPH_BICI,VPH_RADIO,VPH_TV,VPH_PC,VPH_TELEF,VPH_CEL,VPH_INTER,VPH_STVP,VPH_SPMVPI,VPH_CVJ,VPH_SINRTV,VPH_SINLTC,VPH_SINCINT,VPH_SINTIC
C-1.1,20318,10416,9902,580,301,277,19727,10105,9622,19280,9858,9422,17868,9145,8723,17169,8805,8364,16420,8408,8012,650,357,290,1207,603,604,1524,764,760,699,340,357,749,397,352,2017,1029,988,5736,3116,1786,1330,3139,15043,2126,13269,6796,6473,5163,2721,2442,15556,8085,7471,1083,499,582,627,318,304,11,11,0,602,300,297,621,11,596,1258,559,270,285,1173,556,526,102,213,148,207,2968,862,1933,156,627,124,669,339,15948,198,111,87,89,53,32,61,22,32,569,306,261,936,505,429,21,13,7,215,145,63,388,227,159,499,335,161,1139,711,427,446,212,231,2501,1300,1201,11621,5693,5928,12762,5787,6975,5008,3338,1670,12531,5666,6865,229,118,106,6269,13958,7264,3521,36,551,1646,17,1919,201,7562,7790,2456,13231,1621,241,5102,6349,2892,3457,17627,8130,9497,8063,6356,7475,5768,6261,6349,1278,429,17627,6252,3,2088,4173,394,790,5077,6252,3,6212,6192,48,5568,5603,6231,0,6253,4,6202,0,6228,4344,10,5948,5081,4169,1736,372,1649,4476,5750,4179,4264,5844,4976,2498,2433,1301,249,156,1021,24
C-1.2,47337,23857,23480,1023,533,488,46305,23315,22990,45542,22952,22590,43203,21818,21385,42182,21314,20868,41129,20756,20373,1113,532,577,1989,961,1026,2334,1110,1224,1021,504,515,1053,558,494,3536,1764,1772,13920,7898,4509,3389,5146,36776,5406,32069,16080,15989,12072,6326,5746,39837,20161,19676,4054,2029,2025,572,288,278,0,0,0,567,285,276,569,0,564,1058,1512,770,742,1757,900,729,172,406,289,310,5080,1588,3168,211,1192,283,1081,761,39945,257,129,121,123,46,66,70,31,25,919,497,417,1925,965,960,20,4,12,164,124,30,258,172,76,636,458,175,1302,829,467,468,231,225,2965,1632,1333,35643,17446,18197,32856,15198,17658,10211,6583,3628,32304,14983,17321,550,210,337,9757,37473,24891,5223,58,780,1906,170,6821,435,19064,18594,5458,31028,2730,488,12888,20695,8746,11949,47091,19404,27687,25364,20715,23505,18856,20658,20695,2707,1941,47091,20636,4,7662,12984,708,1876,18062,20649,0,20642,20549,6,18667,18796,20609,0,20648,0,20641,0,20602,9380,26,20192,17554,16112,10791,1651,5657,16682,19531,16968,15643,19942,18598,11772,12734,5965,457,187,1518,33
C-1.3,136993,72014,64979,3605,1769,1836,133382,70242,63140,130472,68791,61681,120014,63690,56324,115191,61351,53840,110364,59041,51323,4303,2149,2154,9065,4403,4662,11046,5397,5649,4823,2337,2484,4827,2310,2517,13531,6791,6740,37922,23645,14056,9589,21796,99082,16109,109835,56998,52837,24959,13956,11003,123422,65215,58207,5965,3088,2877,1937,978,956,7,0,0,1904,959,943,1926,7,1893,3861,2679,1365,1314,7317,3810,3078,792,1737,1202,1112,17991,5629,12345,857,3801,925,3165,2133,110392,1148,555,591,463,203,244,320,133,174,4040,1966,2074,6316,3221,3095,156,54,75,1124,777,343,1483,1024,457,3006,1995,1011,8862,5549,3313,2637,1294,1343,18897,9819,9078,76575,39501,37074,82662,39267,43395,37047,24293,12754,80871,38557,42314,1789,709,1078,40685,96009,63076,19335,137,564,10459,341,3029,1060,51123,50703,17954,98728,10258,997,26544,47256,21902,25354,136599,62046,74553,52530,47268,47540,42278,47114,47256,3788,1474,136599,47033,36,12938,34167,1197,3833,42075,47086,8,47076,47027,14,41783,41645,47058,0,47088,11,47044,0,47055,29533,69,45300,39721,32484,16109,3534,10344,36979,45031,30285,32965,43866,37228,24330,19180,10358,927,1129,8113,144
C-1.4,104707,55165,49542,2929,1462,1467,101753,53691,48062,99463,52564,46899,91519,48668,42851,87887,46905,40982,84161,45032,39129,3434,1698,1736,6800,3325,3475,8291,4023,4268,3632,1763,1869,3726,1873,1853,10392,5170,5222,28868,18540,10949,7591,16795,75207,12680,80885,42017,38868,22089,12353,9736,92894,49332,43562,5687,2830,2857,1499,805,694,0,0,0,1485,794,691,1498,0,1484,3353,4058,2107,1951,6142,3043,2720,723,1294,966,1002,14146,4529,9112,683,2976,579,2708,1826,83404,803,396,407,356,148,199,246,103,132,3093,1572,1521,5049,2503,2546,91,31,55,995,750,245,1199,859,340,2454,1682,772,6619,4139,2480,2021,987,1034,14324,7610,6714,58585,30061,28524,62165,29686,32479,28969,18867,10102,60854,29154,31700,1311,532,779,27139,77376,50617,15495,125,899,8645,175,2868,698,38187,38782,14413,74487,7652,820,21525,36260,16819,19441,103882,47118,56764,41921,36306,39531,33916,36182,36260,4049,1566,103882,36107,52,10093,26078,1263,2340,32561,36153,9,36152,36102,12,32357,29088,36111,0,36150,20,36121,0,36112,22549,72,34538,30147,24671,12488,2622,8038,27773,34532,23012,25528,33807,28311,16852,14778,8244,745,760,6337,131
C-1.5,38508,19943,18565,1384,693,691,37118,19247,17871,36104,18710,17394,32392,16855,15537,30638,15991,14647,28935,15151,13784,1515,775,740,3211,1617,1594,3941,1958,1983,1754,864,890,1703,840,863,4403,2114,2289,10338,5636,3231,2405,7864,26838,3800,28787,14701,14086,9330,5083,4247,34411,17932,16479,1432,689,743,1626,819,807,9,3,0,1595,801,794,1624,9,1593,3393,838,425,413,2352,1158,1025,275,516,347,347,5069,1643,3450,332,1117,290,936,724,30646,492,264,228,175,105,70,140,58,78,1228,612,616,1532,789,743,59,20,26,592,419,173,866,593,273,1579,956,623,4022,2338,1684,1245,587,658,7914,3884,4030,14060,7110,6950,23088,10732,12356,9133,6066,3067,22700,10592,12108,388,140,248,17279,21118,10888,2866,26,165,6488,169,374,376,13740,13531,5039,27196,3941,304,6939,11705,5283,6422,38292,17239,21053,13847,11713,12852,10718,11651,11705,1267,867,38292,11633,11,3781,7869,746,1496,9407,11644,3,11627,11600,18,10524,9790,11560,0,11611,35,11587,0,11557,9491,37,10400,8623,6065,1632,838,2831,8833,10873,5047,6987,10587,7732,2880,2703,1790,319,428,3437,72
C-1.6,32460,17180,15280,1263,653,610,31196,16526,14670,30205,16022,14183,26832,14329,12503,25324,13576,11748,23846,12880,10966,1530,781,749,2834,1416,1418,3421,1688,1733,1508,753,755,1478,696,782,3667,1881,1786,8834,4593,2698,1895,7135,22248,3076,27738,14502,13236,4569,2608,1961,29285,15556,13729,838,434,404,708,370,338,3,0,3,698,365,333,705,3,695,1648,679,362,317,2105,1051,991,271,463,367,347,4977,1560,3494,342,1048,248,966,499,25126,439,224,215,154,74,80,160,75,85,1031,508,523,1063,567,496,50,19,30,375,269,106,481,325,156,1215,772,443,3501,2074,1427,1430,688,742,7098,3713,3385,10740,5543,5197,18997,9038,9959,7787,5267,2520,18685,8903,9782,312,135,177,13821,18613,9019,2679,20,73,6632,39,235,136,10693,11592,4535,23654,3359,238,5160,9853,4815,5038,32406,15942,16464,11302,9855,10582,9135,9802,9853,1267,180,32406,9781,16,2356,7443,309,1022,8468,9787,11,9791,9774,4,9065,8907,9775,0,9792,4,9775,0,9773,7575,26,9022,7877,5737,1594,1001,2403,6996,9417,3589,5467,8770,5912,2730,2038,1629,203,489,3479,49
C-1.7,69003,35159,33844,1310,652,658,67688,34505,33183,66642,34008,32634,63570,32486,31084,62318,31896,30422,60965,31238,29727,1514,727,787,2604,1292,1312,2972,1426,1546,1252,590,662,1353,657,695,4782,2413,2369,20177,12865,7553,5312,6680,53166,9152,46474,23326,23148,16017,8692,7325,58214,29837,28377,4677,2359,2318,1248,695,552,3,0,0,1232,684,547,1230,3,1214,1983,1858,899,959,2641,1340,1115,337,627,531,470,6441,2403,3489,381,1714,494,1497,1254,58926,331,158,162,172,66,89,107,36,49,1175,581,593,2560,1284,1276,33,12,3,313,230,49,548,367,171,856,592,261,2086,1358,728,518,278,228,3905,2196,1709,53142,26374,26768,48693,22869,25824,14703,9544,5159,47806,22483,25323,885,380,500,15185,53664,30967,7084,85,420,1682,199,16574,793,28792,26366,8258,40861,3295,1349,23146,30408,13089,17319,68622,28733,39889,36948,30434,32088,25574,30302,30408,4002,2512,68622,30268,15,11123,19178,1108,2710,26483,30296,0,30279,30246,18,28114,26933,30252,0,30287,10,30262,0,30247,12570,19,29642,25892,23698,17094,2821,9304,23694,28262,25941,22816,29263,27865,19367,19661,8037,796,269,1847,56
C-1.8,96558,51199,45359,2426,1219,1196,94124,49974,44150,92078,48985,43093,85063,45559,39504,81640,43803,37837,78204,42129,36075,3053,1489,1558,6007,2918,3085,7494,3731,3761,3421,1756,1660,3434,1668,1758,9434,4710,4722,26282,17514,10363,7151,14913,69698,11940,79099,41437,37662,16399,9248,7151,87028,46434,40594,4516,2306,2207,841,450,373,0,0,0,833,443,372,839,0,831,1904,2592,1337,1247,5636,2837,2501,579,1276,827,859,12320,4024,7883,522,2919,532,2392,1527,77851,654,331,312,283,120,139,225,92,113,2871,1417,1444,4668,2380,2285,67,18,33,595,431,148,832,579,234,1825,1240,574,5785,3610,2172,1666,763,891,12917,6826,6091,56043,29213,26830,56141,26560,29581,28816,18960,9856,54428,25914,28514,1710,642,1063,23665,72830,48744,14713,47,608,7414,231,2264,576,35103,36572,13360,69811,7380,830,18403,33940,15174,18765,96457,40970,55485,37931,33946,35470,31485,33875,33940,2937,1041,96457,33776,74,7399,26467,564,2170,31120,33859,3,33847,33771,18,24678,26136,33814,9,33844,24,33819,0,33812,19876,28,32795,28953,24278,12974,2329,7526,26229,32754,21941,24531,31478,27058,17577,13513,7891,493,685,5521,75
N-1.1,140609,74162,66447,3487,1679,1808,137067,72453,64614,134174,71032,63142,123284,65694,57590,118123,63183,54940,112324,60295,52029,4456,2190,2266,9327,4569,4758,11488,5602,5886,5161,2511,2650,5799,2888,2911,14561,7187,7374,35171,28771,16762,12009,22431,97572,20551,120543,62593,57950,19567,11338,8229,130012,68878,61134,3909,2057,1852,649,338,291,0,0,0,631,333,276,647,0,630,1709,1873,966,904,8885,4834,3459,1106,2316,1728,1673,18235,6788,10872,1009,4826,1051,4066,2320,112419,1073,515,554,400,172,203,337,113,183,4886,2457,2429,7223,3578,3645,105,32,55,1324,937,380,1726,1195,530,3957,2614,1343,10662,6489,4173,2831,1243,1588,21809,11189,10620,72863,37838,35025,73242,32943,40299,49836,32648,17188,71250,32202,39048,1992,741,1251,35512,104983,66650,21000,279,797,14655,167,2268,843,48202,53828,21209,112756,10568,589,16509,38262,15853,22409,140604,55983,84621,40461,38264,39244,37047,38230,38262,1682,508,140604,38019,162,7933,30278,1301,2840,34069,38196,0,38080,37792,115,35257,27662,38140,0,38178,23,38044,0,38136,18256,18,36679,32989,25934,18990,2997,10241,30169,37361,22541,28778,34597,29259,17797,11456,7080,354,902,7406,58
N-1.2,273205,140272,132933,10562,5162,5400,262625,135101,127524,254399,131136,123263,224697,116385,108312,211329,109680,101649,197857,103069,94788,12465,6077,6388,25463,12639,12824,30664,15310,15354,13368,6705,6663,13472,6611,6861,31899,15769,16130,74454,35521,19266,16255,61858,187305,24024,209407,105991,103416,62916,33844,29072,247544,127703,119841,6487,3308,3179,5068,2667,2401,22,10,4,4997,2622,2375,5044,22,4973,13003,4895,2428,2460,15830,7719,6943,1944,3463,2506,2639,35371,11148,23354,2094,7470,1759,6686,4207,220069,4450,2149,2301,753,361,364,663,260,386,10582,5329,5253,12544,6369,6175,405,130,235,5389,3668,1721,7278,4729,2549,12503,7365,5138,27815,15242,12573,6921,2976,3945,58343,28880,29463,90858,46357,44501,136858,57470,79388,87545,58767,28778,133682,56554,77128,3176,916,2260,72507,200619,125089,20019,445,1474,50663,473,2157,2141,79285,112882,32502,200784,22113,800,49256,74749,27058,47691,272804,92234,180570,79928,74765,79678,74515,74692,74749,3997,1166,272804,74192,480,28108,46577,5620,14132,54932,74645,8,74420,74180,233,62796,16510,74520,13,74603,55,74318,0,74515,48095,273,67199,56038,40214,24522,5272,8172,57819,71494,30471,45150,65158,46944,18353,12355,9251,1589,3829,24451,497
N-1.3,90527,47786,42741,2354,1182,1172,88168,46601,41567,86233,45655,40578,79239,42257,36982,75896,40558,35338,72492,38851,33641,2926,1420,1506,6003,2924,3079,7446,3699,3747,3343,1699,1644,3404,1707,1697,8654,4287,4367,23430,17877,10313,7561,14626,63505,12389,77476,40317,37157,12580,7230,5350,83181,44113,39068,2820,1444,1376,793,398,393,0,0,0,780,393,385,788,0,775,1774,1776,856,918,5405,2799,2180,658,1407,961,968,11096,4193,6753,646,2938,710,2445,1628,73112,707,325,378,361,146,199,220,97,103,2900,1483,1417,4344,2170,2174,85,28,41,677,477,197,805,568,234,2226,1407,817,6376,4004,2372,1816,836,980,12080,6174,5903,49784,25880,23904,50215,23031,27184,28863,19142,9721,49026,22578,26448,1189,451,735,21713,68749,42781,14392,127,489,9601,257,2194,525,30659,35438,13096,70454,7260,519,12135,27585,11408,16173,90501,35660,54841,30122,27588,29104,26570,27565,27585,2047,487,90501,27454,84,8545,19016,990,3147,23416,27550,4,27544,27101,0,22657,16743,27530,0,27546,3,27523,0,27526,13685,33,26233,23002,19282,13159,2185,6642,21384,26721,16933,19277,25291,21109,13209,9599,5841,413,780,5318,95
N-1.4,91678,47987,43691,2201,1102,1095,89464,46876,42588,87704,46003,41701,81405,42883,38522,78536,41474,37062,75373,39984,35389,2641,1317,1322,5418,2673,2742,6552,3215,3335,2867,1408,1459,3163,1486,1670,10113,4726,5387,23525,19140,11117,8023,13131,64839,13697,72031,37368,34663,18630,10121,8509,82186,43273,38913,5060,2518,2542,1200,644,544,3,3,0,1184,634,539,1193,3,1177,2286,2446,1290,1156,5235,2713,2221,532,1196,911,863,11198,3894,7059,543,2647,609,2266,1324,74569,643,325,312,221,106,97,138,54,65,2701,1287,1407,5951,2671,3279,39,8,15,651,464,176,862,602,248,1879,1229,644,5087,3219,1866,1488,658,826,10727,5668,5059,56160,28749,27411,50239,23022,27217,31009,19795,11214,49048,22555,26493,1190,463,722,22362,69208,49189,11670,51,664,5154,116,3603,546,33158,35802,12390,71022,6556,474,13421,30010,12102,17908,91359,34009,57350,34407,30039,33841,29473,29960,30010,3006,1361,91359,29860,87,7463,22491,1000,2610,26337,29947,0,29877,29545,70,23699,19391,29873,0,29908,39,29826,0,29872,13458,59,28808,25660,21985,15980,2358,5729,23760,28826,20621,22477,27817,24498,16962,11856,6976,517,624,4461,96
N-1.5,199500,104473,95013,5996,2924,3072,193477,101543,91934,188723,99194,89529,171238,90708,80530,163142,86755,76387,154472,82475,71997,7307,3593,3714,14932,7242,7690,18259,8887,9372,8096,3953,4143,8670,4280,4390,21501,10685,10816,52240,34233,19360,14873,36331,139477,23665,166676,86128,80548,32126,18006,14120,182983,96255,86728,5338,2781,2557,1580,842,735,0,0,0,1552,827,722,1571,0,1543,3707,3575,1810,1765,11963,6310,4927,1460,2853,2083,2108,23680,8436,14489,1357,5711,1263,5197,3286,162192,1960,972,988,714,321,378,542,229,292,7060,3571,3489,9804,5035,4769,245,83,133,2390,1673,714,3077,2061,1012,6829,4314,2513,17248,10122,7126,4161,1814,2347,35811,18322,17489,90229,46823,43406,106210,47661,58549,64685,42888,21797,103604,46688,56916,2606,973,1633,54518,144800,89872,23096,377,1018,28809,296,2383,1047,66141,76728,28240,154496,16188,692,27794,56889,23028,33861,199370,76560,122810,61213,56910,59286,54983,56829,56889,3355,948,199370,56618,185,19250,37563,2423,8142,46246,56788,8,56711,55894,88,49493,38951,56700,10,56791,6,56668,0,56697,32763,93,52894,46274,34192,22279,4402,15505,43467,55101,28966,35230,51397,39956,21873,13897,9533,797,1958,14453,173
N-1.6,154860,81409,73451,4943,2397,2546,149883,78996,70887,146049,77091,68958,132035,70135,61900,125608,66925,58683,119041,63680,55361,5848,2883,2965,12000,5978,6022,14633,7264,7369,6427,3210,3217,6567,3245,3322,16622,8218,8404,40852,26161,15079,11082,29218,107527,18081,127698,66204,61494,26401,14838,11563,140436,74206,66230,5141,2683,2458,2315,1211,1096,5,3,0,2282,1192,1082,2297,5,2264,5102,2778,1410,1366,9144,4572,3892,1153,2045,1544,1615,19909,6869,12727,1197,4674,1172,4004,2484,124482,1761,847,912,711,335,364,449,213,224,5299,2644,2655,7309,3683,3626,180,66,85,1937,1364,566,2332,1586,746,5043,3145,1898,13183,7744,5439,3429,1509,1920,27803,14374,13429,69296,35896,33400,82712,37371,45341,48982,32581,16401,80818,36701,44117,1894,670,1224,42193,112471,71139,18706,234,730,20031,375,2041,895,49829,60293,21792,120634,11574,652,21695,44537,17750,26787,154557,58337,96220,48454,44555,46411,42512,44454,44537,3152,746,154557,44247,162,14071,30365,2233,6009,36188,44405,4,44386,44207,34,37809,14222,44329,13,44391,24,44325,0,44291,27230,120,41305,35770,27489,15993,3084,7922,33741,42496,22946,28650,39775,31331,21882,11314,7591,942,1941,11171,275
N-1.7,70755,38036,32719,1562,798,764,69167,37224,31943,67849,36549,31300,63116,34201,28915,60922,33082,27840,58538,31854,26684,1981,1015,966,4070,2008,2062,5004,2500,2504,2194,1119,1075,2384,1228,1156,6402,3149,3253,17745,16511,9814,6697,9807,49184,11738,57440,30329,27111,12576,7349,5227,64258,34699,29559,3264,1703,1561,636,341,295,0,0,0,631,336,295,633,0,628,1225,1327,681,646,4455,2438,1727,445,1167,785,731,9612,3413,5744,372,2479,410,2026,1084,56114,459,235,221,233,96,115,137,62,57,2060,1065,995,3635,1773,1862,24,0,14,380,261,104,503,346,154,1229,822,405,3668,2342,1326,972,471,501,7571,4137,3434,44906,23623,21283,39337,18460,20877,23640,15695,7945,38312,18068,20244,1025,392,633,18560,52107,36165,9958,70,560,4000,79,2348,438,25519,27062,10504,55025,5357,455,9785,23287,10096,13191,70202,28664,41538,26572,23333,25960,22721,23247,23287,2456,783,70202,23200,20,6395,16841,489,1590,21156,23231,0,23227,23188,3,22515,16828,23225,0,23225,0,23214,0,23216,10920,9,22523,19697,17387,11844,1506,4386,18856,22550,15809,17600,21617,18839,12590,9392,5257,280,373,3547,35
N-1.8,117753,61868,55885,3094,1567,1527,114591,60266,54325,112081,59038,53043,102950,54484,48466,98633,52285,46348,94001,50033,43968,3800,1870,1930,7841,3912,3929,9620,4861,4759,4317,2199,2118,4632,2252,2380,13461,6358,7103,31052,22178,12822,9356,19052,83296,15337,91610,47567,44043,25272,13868,11404,106007,56077,49930,5736,2830,2906,1293,687,603,0,0,0,1281,682,596,1290,0,1278,2902,2451,1196,1253,6495,3374,2661,847,1464,1227,1164,14788,5037,9473,770,3456,741,2991,1833,95479,1025,474,542,288,134,133,198,70,103,3936,1937,1999,7825,3693,4132,80,26,28,1349,1002,335,1716,1219,482,2904,1868,1033,8272,5128,3144,2027,923,1100,16737,8592,8145,63798,32680,31118,62092,28175,33917,40719,26237,14482,60512,27574,32938,1580,601,979,27577,90071,62019,15624,313,1268,9190,248,2971,679,41390,46267,15270,90081,8597,526,18391,36695,14963,21732,117223,44624,72599,40345,36704,39929,36288,36647,36695,2589,1052,117223,36555,57,9954,26672,1131,3340,32144,36614,5,36601,36528,12,30918,20243,36564,4,36600,16,36577,0,36561,18444,77,34970,31032,25508,17383,2348,6733,28767,35177,22907,25768,33740,28528,18186,12739,7869,680,1000,6756,126
N-2.1,112212,58834,53378,2962,1428,1534,109222,57393,51829,106921,56247,50674,98202,51924,46278,94001,49882,44119,89621,47738,41883,3511,1723,1788,7509,3746,3763,9357,4596,4761,4201,2042,2159,4380,2144,2236,11388,5511,5877,29219,21635,12550,9085,18183,78893,15108,94097,48631,45466,17122,9721,7401,103099,54260,48839,3363,1781,1582,1280,679,599,9,5,3,1264,670,592,1269,9,1253,2891,2275,1185,1090,6963,3609,2901,826,1629,1236,1175,15136,5262,9030,828,3662,791,3255,1877,89186,746,343,388,273,132,126,254,103,137,3615,1813,1802,5431,2653,2778,126,38,71,1212,837,367,1623,1070,551,3004,1907,1097,8128,4724,3404,2368,1049,1313,16580,8466,8114,59493,31031,28462,63182,29016,34166,34851,22836,12015,61646,28433,33213,1536,583,953,31388,80721,50688,14815,69,837,11844,489,3176,610,37970,43829,16338,86221,8613,706,16486,32692,13700,18992,111525,44282,67243,35663,32701,34431,31469,32621,32692,2164,798,111525,32508,78,9111,23486,1491,3458,27644,32580,6,32559,32411,29,28325,22473,32550,3,32578,8,32535,0,32550,16242,57,31123,27446,22814,15481,2588,7810,25906,31596,20827,23673,30113,25791,16548,12102,7209,431,733,5681,97
N-2.2,172031,90415,81616,5183,2552,2631,166812,87844,78968,162763,85819,76944,147965,78469,69496,141216,75150,66066,134247,71773,62474,6146,3057,3089,12701,6318,6383,15369,7625,7744,6749,3319,3430,6969,3377,3592,18018,9062,8956,47129,27450,15853,11597,30779,122708,18508,138451,71683,66768,32461,18176,14285,153641,81141,72500,8504,4417,4087,1748,906,838,0,0,0,1719,887,828,1737,0,1708,4048,2996,1477,1519,10234,5078,4418,1125,2370,1656,1688,22545,7307,14539,1032,5067,895,4495,2584,137948,1527,755,772,428,205,209,303,111,173,5943,2933,3010,8833,4578,4255,150,48,64,1384,998,384,1931,1340,591,4322,2785,1537,11891,7207,4684,3166,1417,1749,24537,12426,12111,90431,47216,43215,95228,43554,51674,52453,34797,17656,92923,42706,50217,2305,848,1457,46317,125503,77408,26989,368,957,17275,442,3428,1389,56199,68858,22763,129438,13962,789,27535,51789,20949,30840,171902,66286,105616,57920,51792,55120,48992,51736,51789,4755,1373,171902,51618,90,13673,38055,1749,4937,45039,51714,0,51691,51150,14,45049,40825,51662,4,51701,3,51654,0,51638,26421,37,49230,43336,34751,24036,3759,10567,40097,50267,32317,35545,48226,40296,23322,18241,11976,703,1047,9278,110
N-2.3,120452,63094,57358,3380,1649,1731,116956,61385,55571,114367,60147,54220,104517,55301,49216,99988,53016,46972,95153,50684,44469,3866,1845,2021,8571,4238,4333,10305,5154,5151,4528,2284,2244,4834,2332,2502,12810,6362,6446,31703,21821,12545,9276,20350,84530,15458,102172,52833,49339,17697,9965,7732,110875,58365,52510,3241,1668,1571,1383,697,682,5,0,4,1361,686,671,1376,5,1354,3121,1668,836,829,7249,3776,2909,802,1788,1196,1204,16630,6077,10137,799,4108,831,3536,1992,95576,863,381,476,371,157,184,229,92,97,3963,1953,2010,5913,2978,2935,95,32,33,1283,900,382,1822,1221,599,3820,2440,1380,10360,6104,4256,2647,1198,1449,20660,10403,10257,57438,29788,27650,66505,30381,36124,37822,24827,12993,64836,29761,35075,1669,616,1047,32409,87854,55366,15601,56,814,14169,745,1959,681,40599,46229,17629,91716,9861,440,18183,33239,13678,19557,120378,47449,72929,36592,33247,35571,32226,33187,33239,2591,750,120378,33023,76,9093,24028,1575,3777,27761,33102,6,33102,33003,7,25975,18044,33070,0,33108,0,33074,0,33060,18509,29,31361,27197,21881,13780,2304,8583,26139,32155,19230,23078,30368,24952,14100,9955,6422,424,879,6804,78
N-3.1,69227,36358,32869,2140,1022,1118,66975,35280,31695,65329,34457,30872,59105,31379,27726,56270,29940,26330,53356,28490,24866,2562,1268,1294,5308,2633,2675,6451,3234,3217,2835,1439,1396,2914,1450,1464,7576,3748,3828,18466,11185,6386,4799,12845,48730,7540,56202,29066,27136,12663,7104,5559,63199,33385,29814,2024,1035,989,858,447,411,8,5,3,835,435,400,844,3,826,1867,1063,553,505,4267,2174,1798,509,986,656,736,9015,2932,5930,464,2013,483,1729,1189,55293,657,309,348,332,163,162,207,87,113,2353,1214,1139,3328,1677,1651,106,41,48,827,554,272,1043,693,349,2346,1453,893,5749,3456,2293,1646,767,879,11218,5780,5438,32356,16685,15671,37257,16929,20328,21754,14407,7347,36408,16620,19788,849,309,540,19019,50064,28521,9412,98,508,10682,125,981,473,22415,26723,9944,53522,5408,256,9865,20085,8429,11656,69221,27650,41571,22442,20085,22321,19964,20058,20085,1636,721,69221,19947,69,6088,13935,999,2871,16152,20018,0,20015,19984,0,17819,14750,19979,0,20007,5,19996,0,19977,11837,37,18698,16294,12271,7654,1385,4843,15402,19287,11012,13108,18177,14636,7558,5484,3394,342,719,4415,80
N-3.2,32262,16876,15382,1086,545,541,31122,16306,14816,30295,15865,14430,27250,14394,12856,25925,13740,12185,24501,13013,11488,1299,681,616,2572,1231,1341,3095,1507,1588,1325,654,671,1424,727,697,3529,1737,1792,8521,5287,3089,2195,6285,22313,3610,25570,13259,12311,6429,3528,2901,29123,15307,13816,1020,530,490,806,408,398,3,0,0,797,401,396,795,3,786,1481,503,255,246,1900,1007,797,229,454,290,294,3811,1361,2431,176,923,176,728,479,26159,376,211,164,131,65,62,103,34,63,1082,575,507,1308,647,661,44,21,17,327,223,98,464,304,156,1147,704,442,3111,1823,1286,903,442,461,6266,3239,3027,13087,6709,6375,18184,8388,9796,8924,5979,2945,17832,8255,9577,352,129,218,11089,21010,11294,3776,31,99,5290,139,536,125,11261,11673,4209,23607,3217,210,5056,9459,4165,5294,32106,13748,18358,10918,9466,10811,9359,9425,9459,932,520,32106,9402,0,2023,7386,288,786,8335,9403,0,9403,9373,3,9003,8160,9401,0,9405,0,9394,0,9400,6465,27,8718,7609,5639,2552,779,1927,7508,9022,4728,6178,8543,6601,3280,2524,1687,174,347,2405,56
N-3.3,72607,37936,34671,2469,1223,1246,70098,36693,33405,68147,35710,32437,61003,32259,28744,57915,30743,27172,54689,29082,25607,2971,1463,1508,6124,2971,3153,7283,3531,3752,3088,1516,1572,3226,1661,1565,7628,3754,3874,19490,11205,6367,4838,14652,50422,7493,62924,32620,30304,9269,5113,4156,65545,34430,31115,2393,1183,1210,728,385,343,0,0,0,698,369,329,722,0,692,1498,2073,1023,1050,4536,2270,1967,525,986,664,714,10498,3228,7156,545,2232,458,2052,1086,57037,832,378,454,296,144,145,210,91,111,2503,1332,1171,2956,1468,1488,108,38,48,703,485,214,892,585,307,2292,1401,891,6578,3961,2617,2388,1179,1209,13705,6952,6753,30050,15483,14567,40492,18526,21966,20402,13683,6719,39766,18247,21519,726,279,447,22229,50283,28069,8550,83,358,12724,69,1181,327,23657,27488,9826,54532,6592,636,10699,21894,9233,12661,72352,29670,42682,24090,21897,23437,21244,21838,21894,1641,551,72352,21743,57,5238,16584,470,1934,19418,21813,0,21801,21775,15,19787,18998,21763,0,21798,6,21774,0,21741,14170,37,20614,18321,14253,6665,1951,5051,16862,21155,11037,13919,19770,15192,8542,6094,4498,296,781,5619,79
N-3.4,104717,55729,48988,2537,1251,1283,102139,54458,47681,99972,53350,46622,92144,49512,42632,88629,47771,40858,84845,45841,39004,3293,1651,1640,6702,3293,3409,8164,4049,4115,3515,1741,1773,3782,1927,1851,10043,4961,5080,27700,20749,12324,8425,16048,74077,14552,86246,45286,40960,17541,9995,7546,95648,51158,44490,3824,1960,1864,1090,572,496,0,0,0,1076,565,489,1078,0,1064,2116,2178,1099,1066,5200,2618,2084,649,1376,927,943,11985,4196,7196,627,3040,705,2393,1918,86411,753,361,370,329,133,155,193,76,83,3209,1681,1524,5090,2521,2567,68,22,27,683,479,174,864,569,265,2159,1409,724,5936,3756,2178,1685,817,852,12182,6489,5693,62695,32826,29869,60417,28430,31987,31538,20988,10550,59009,27849,31160,1408,573,827,27971,76558,47333,17890,130,621,8537,188,3587,722,36204,40545,15299,78960,8637,625,16231,34153,15192,18961,104661,44277,60384,38574,34157,35335,30918,34084,34153,3099,1314,104661,33956,59,7572,26488,608,2087,31338,34054,0,34052,34014,3,31474,29137,34037,0,34053,0,34037,0,34030,16225,6,33098,29627,25369,17097,2493,6935,27368,33154,23568,26220,31937,28139,19141,14738,8485,370,492,4723,33
N-3.5,125323,65762,59561,3516,1724,1792,121657,63961,57696,118677,62490,56187,107810,57167,50643,103045,54922,48123,98172,52552,45620,4604,2250,2354,9243,4544,4699,11018,5261,5757,4765,2245,2520,4873,2370,2503,12705,6275,6430,32625,22858,13277,9581,22128,87329,15716,107208,55511,51697,17377,9897,7480,114217,60250,53967,4183,2126,2057,986,490,493,0,0,0,976,484,489,981,0,971,2131,2608,1329,1277,7139,3875,2871,883,1657,1309,1245,15007,5422,9175,763,3509,778,3033,1896,102139,1071,528,543,478,228,232,354,153,182,3939,1958,1981,5513,2833,2680,127,40,64,1128,793,331,1428,973,455,3266,2126,1140,9632,5821,3811,2744,1263,1481,20356,10417,9939,62224,32308,29916,68273,30881,37392,39380,26216,13164,66501,30223,36278,1772,658,1114,33449,91676,57776,16324,147,590,15065,377,2492,800,41771,48365,17650,96637,10375,802,17215,37672,16174,21498,125214,51909,73305,41473,37679,39554,35760,37588,37672,3026,768,125214,37460,58,13597,23940,1681,5370,30483,37519,0,37517,37424,8,34564,25275,37468,0,37513,12,37485,0,37462,21242,34,35359,30720,25401,15249,2748,7961,28924,36385,21197,24746,34258,27694,17732,11695,7638,515,1198,8229,77
N-3.6,39568,20924,18644,997,469,528,38546,20442,18104,37719,20015,17704,34787,18608,16179,33423,17895,15528,32012,17224,14788,1268,629,639,2491,1203,1286,3076,1533,1543,1364,711,649,1411,671,740,3978,1971,2007,10528,7680,4502,3178,6120,28102,5321,32307,16763,15544,7053,4069,2984,35945,19088,16857,1656,883,771,498,258,238,0,0,0,495,255,238,496,0,493,1051,2035,1083,952,2432,1243,1013,231,571,352,358,6183,1926,4090,253,1332,222,1122,548,30675,268,134,131,98,46,43,75,24,39,1214,593,621,1911,945,965,25,3,9,267,182,82,358,237,119,962,653,304,2692,1690,1002,697,327,369,5122,2698,2424,22508,11678,10830,22848,10667,12181,11895,7924,3971,22266,10429,11837,582,238,344,11405,28118,18759,5624,52,179,2995,94,879,166,13901,15431,5442,30113,3389,178,5832,12504,5306,7198,39562,15925,23637,14072,12505,13759,12192,12456,12504,1174,393,39562,12415,22,4168,8279,427,1491,10527,12440,0,12434,12413,4,11703,10477,12428,0,12440,0,12421,0,12426,6307,9,11838,10246,8673,5869,804,2265,9567,12100,7895,8685,11558,9745,6040,4399,2674,177,292,2187,22
O-1.1,189704,98322,91382,5541,2763,2777,184139,95546,88593,179876,93434,86442,162601,85142,77459,154723,81277,73446,146486,77203,69283,6581,3237,3344,14957,7167,7790,17971,8779,9192,7878,3865,4013,8237,4074,4163,21035,10257,10778,51253,30171,16959,13212,34957,134544,20179,159574,81917,77657,29433,16068,13364,174793,90926,83867,4692,2338,2354,2041,981,1045,11,3,0,2011,966,1030,2034,11,2004,4802,3938,1957,1979,10400,4977,4642,1267,2525,1767,1757,23895,7468,16170,1309,5234,1244,4336,2808,153873,1951,935,1007,795,349,433,608,282,312,6561,3330,3231,9149,4480,4669,239,99,118,2040,1346,679,2658,1722,928,5584,3367,2216,15711,8875,6836,4497,2016,2478,32049,16369,15680,89208,46141,43067,103037,45739,57298,59289,39292,19997,100802,44905,55897,2233,834,1399,60452,129080,80292,24359,254,1084,20500,228,3478,1082,61214,77678,23628,149200,14274,748,25219,53771,20323,33447,189531,66785,122746,57224,53784,54847,51407,53663,53771,2693,744,189531,53399,242,14134,39528,3022,5948,44680,53645,0,53484,53065,165,44920,35051,53543,14,53607,37,53447,0,53543,28625,103,50149,43939,33769,23630,3846,13703,42358,51819,30171,36177,49297,39246,22697,15197,10266,873,1675,12162,198
O-1.2,116889,61954,54935,2474,1216,1258,114347,60702,53645,112340,59728,52612,104070,55582,48488,100084,53639,46445,95791,51490,44301,3163,1538,1625,7114,3582,3532,8827,4380,4447,3986,1943,2043,4293,2149,2144,11286,5674,5612,30117,24948,14531,10417,16737,82736,17348,100500,52451,48049,15681,9148,6533,109932,58470,51462,2163,1130,1031,1154,651,494,6,3,0,1138,639,490,1153,6,1137,2440,1809,920,886,5637,3078,2272,828,1491,1158,1019,12907,4469,8192,737,3255,837,2413,2052,97142,795,376,415,618,309,292,352,164,173,3493,1778,1715,5453,2722,2731,111,24,45,1076,740,329,1412,949,462,2668,1688,978,7349,4511,2838,2092,1014,1076,15623,8315,7308,67730,35274,32456,65845,30482,35363,38073,25024,13049,64427,29957,34470,1418,525,893,31768,84983,54021,17218,248,689,10490,165,3241,684,41528,46144,16364,90760,8529,405,16971,36928,15905,21023,116626,47502,69124,39700,36946,38791,36037,36850,36928,2298,454,116626,36688,143,10665,26182,1403,3769,31664,36829,4,36820,36762,15,33881,24992,36821,6,36832,6,36793,0,36817,16754,91,35423,31499,27084,19225,3000,9408,29131,35696,24257,27096,33995,28827,19608,13479,7963,596,1006,6505,166
O-1.3,184608,96334,88274,5269,2624,2645,179313,93697,85616,174976,91477,83499,157930,83147,74783,150282,79333,70949,142119,75383,66736,6636,3354,3282,14747,7196,7551,17666,8709,8957,7648,3814,3834,8163,3950,4213,20480,10251,10229,51339,26624,14945,11679,34300,133255,17027,151075,77625,73450,32790,18306,14484,169624,88773,80851,4986,2542,2444,2570,1358,1212,24,14,5,2522,1329,1191,2555,20,2509,6046,3689,1889,1798,9984,4614,4632,1123,2186,1483,1612,23893,7469,15879,1059,5059,1067,4524,3044,149080,1967,1001,962,757,346,390,456,207,211,6724,3303,3421,9306,4727,4579,203,69,92,1937,1310,616,2706,1812,886,5150,3226,1918,13367,7925,5442,3738,1688,2049,31029,15857,15172,89077,45992,43085,102089,46248,55841,55604,36773,18831,99884,45423,54461,2205,824,1376,51270,133232,83702,22449,165,4521,19951,288,3544,922,59065,76919,21906,141762,13872,649,28096,53757,20295,33462,184288,64488,119800,57619,53769,56231,52381,53698,53757,3237,603,184288,53386,285,12656,41033,2371,5467,45845,53667,6,53540,52400,133,41779,33525,53610,32,53656,20,53487,0,53621,27478,88,51090,45369,36231,24733,4306,9678,41766,51947,31771,36908,49917,40950,28174,17302,11759,834,1317,10427,171
O-1.4,92869,48102,44767,2601,1277,1324,90235,46809,43426,88103,45757,42346,79581,41567,38014,75645,39617,36028,71559,37661,33898,3245,1587,1658,7409,3655,3754,9040,4466,4574,3936,1950,1986,4086,1956,2130,10309,5028,5281,25287,14339,8154,6185,17191,65897,9748,77130,39557,37573,15348,8359,6989,85619,44507,41112,2276,1161,1115,2051,960,1091,22,8,11,2007,936,1071,2038,20,1996,4295,2080,1074,1005,5047,2511,2106,624,1140,860,790,11333,3790,7414,603,2565,551,2117,1404,75754,1025,513,508,338,160,171,238,89,136,3270,1620,1650,4306,2089,2217,125,49,64,1134,753,380,1562,1025,537,2972,1825,1147,8191,4597,3594,2247,959,1288,16981,8419,8562,41297,21435,19862,50772,22407,28365,28652,19087,9565,49690,22012,27678,1082,395,687,29729,63065,40204,10308,54,547,11109,118,1181,386,29670,38123,11765,73949,6325,294,12201,25920,9709,16211,92782,32622,60160,27637,25925,26747,25035,25866,25920,1368,342,92782,25716,132,8552,17305,2256,3797,19804,25835,15,25827,25736,16,21997,13875,25798,3,25828,7,25786,0,25789,14683,77,23740,20302,15974,10480,1896,6510,20230,24856,13700,16754,23553,18136,10088,6600,4441,527,879,6661,118
O-1.5,206468,108361,98107,6099,2962,3137,200328,105377,94951,195545,102965,92580,176432,93528,82904,167357,89070,78287,157883,84381,73502,7362,3658,3704,16534,8191,8343,20410,10040,10370,9075,4458,4617,9474,4689,4785,23514,11735,11779,56146,32307,18431,13876,39070,145000,22357,164252,85052,79200,41550,22952,18598,189122,99603,89519,6071,3204,2867,2065,1089,961,6,3,0,2030,1066,948,2052,6,2017,5301,3888,2004,1876,12039,5803,5305,1379,2689,1797,1955,26619,8795,17353,1387,6026,1347,5213,3509,165971,2490,1248,1241,842,371,439,663,283,334,7663,3869,3794,9767,4934,4833,313,133,139,2839,2085,750,3724,2607,1111,7173,4508,2662,18545,10865,7680,4761,2221,2540,39130,20155,18975,88194,45482,42712,110327,49654,60673,65759,43694,22065,107800,48756,59044,2527,898,1629,70537,135796,80212,28375,646,1249,22255,560,2730,1908,67203,81427,27728,153892,18476,893,32879,57115,23279,33836,205975,80792,125183,61660,57122,59569,55031,57037,57115,3768,761,205975,56748,252,13761,43261,2114,5482,49417,57001,3,56986,56617,13,42838,28394,56909,12,56997,14,56945,0,56906,33442,107,53847,47189,34616,21351,5133,12082,43987,55066,28853,38362,51042,40271,21201,13343,10021,942,2216,14062,231
O-1.6,279365,143967,135398,10114,4971,5143,269205,138972,130233,261346,135081,126265,230409,119850,110559,216709,113095,103614,202636,106264,96372,12011,5994,6017,26785,13128,13657,31681,15514,16167,13700,6755,6945,14073,6831,7242,33607,16669,16938,78118,34103,18440,15663,62610,194786,21923,218528,111060,107468,60035,32492,27543,255311,132028,123283,5674,2938,2734,5743,2988,2755,47,29,6,5641,2931,2710,5721,47,5620,15936,4727,2357,2370,16431,7637,7652,1930,3442,2275,2686,36211,10873,24454,1850,7407,1450,6711,4782,224477,4683,2305,2378,1073,504,553,936,428,494,10572,5304,5268,11435,5902,5533,510,176,294,4961,3405,1556,6867,4418,2449,13334,7783,5551,29185,15792,13393,8709,3729,4980,58540,29458,29082,92820,47998,44822,148209,63746,84463,81838,55937,25901,145080,62673,82407,3129,1072,2056,95534,183724,89121,23119,395,1968,65444,514,3054,1801,83329,115204,31850,207422,25507,1014,45193,73117,26664,46453,279310,96212,183098,77732,73124,75627,71019,73046,73117,3618,990,279310,72559,465,25333,47709,6018,13146,53876,72975,34,72868,70471,144,64705,51431,72931,24,73013,16,72790,0,72954,44942,221,65077,53983,37575,25601,5499,17913,56848,69948,29844,43263,65616,46849,19484,12428,9872,1417,3078,23017,386
O-1.7,196004,102298,93706,6330,3163,3167,189661,99128,90533,184646,96659,87987,164941,86939,78002,156092,82599,73493,146849,78037,68812,7626,3779,3847,17093,8409,8684,20441,10023,10418,8849,4340,4509,9242,4562,4680,22729,11318,11407,53950,27137,15477,11660,39900,137920,18172,164519,84875,79643,30986,17176,13810,181075,94864,86211,3321,1707,1609,2062,1079,958,7,0,0,2035,1068,940,2053,7,2026,5707,4262,2158,2098,10083,4884,4408,1343,2332,1726,1677,21417,6934,13851,1193,4772,1121,3916,2751,163149,2713,1307,1401,789,361,398,714,308,376,7098,3613,3485,8614,4398,4216,354,136,187,2680,1820,844,3727,2465,1254,6855,4161,2683,18468,10383,8082,5170,2335,2832,39083,20032,19048,77449,40217,37232,104575,45939,58636,60086,40853,19233,102428,45181,57247,2147,747,1385,69256,126642,67043,21946,260,1078,33955,387,2377,1044,61910,78442,24536,146723,16216,637,32239,53390,21832,31557,195939,76344,119595,56836,53399,55096,51659,53315,53390,2802,622,195939,53041,246,14024,39283,3781,5528,43985,53278,18,53127,52436,168,43359,32599,53195,7,53275,23,53081,7,53189,30506,139,49488,43478,30820,20718,4749,12705,41408,51435,25159,33577,48225,35833,19885,11830,8333,914,2059,15079,263
O-1.8,274886,139704,135182,10500,5197,5303,264271,134452,129819,256398,130542,125856,224099,114773,109326,209639,107593,102046,195382,100647,94735,12180,5987,6193,27992,13692,14300,33546,16513,17033,14460,7180,7280,14257,6946,7311,32830,16359,16471,76165,31828,17351,14477,65132,188503,21136,196222,98067,98155,77353,41139,36214,245248,126544,118704,7421,3862,3559,6628,3353,3275,37,14,3,6485,3309,3176,6605,36,6463,17841,4491,2240,2245,17427,7679,8289,2114,3638,2501,2827,40163,11531,27816,2123,7719,1519,7677,4395,215187,5071,2457,2613,1029,455,541,1065,458,604,10575,5391,5184,10703,5500,5203,647,249,371,5923,4073,1849,10725,5073,5652,14514,8423,6091,27642,14710,12932,7526,3074,4450,61504,31159,30345,80734,41447,39287,140303,58481,81822,83401,56118,27283,137321,57566,79755,2982,915,2067,95533,179129,77583,19996,601,1628,72484,541,2272,5212,80580,113014,30445,200346,25289,564,48367,71362,25183,46179,271571,90126,181445,75055,71368,73027,69340,71265,71362,3005,676,271571,70653,582,30098,41147,7163,15614,48466,71187,19,70899,70573,314,62428,56859,71052,105,71184,29,70810,0,71125,47380,291,61207,49918,31930,22014,4156,7114,53326,67750,25143,43130,61706,44327,14424,8599,7225,1764,3780,24162,471
O-1.9,296849,149913,146936,9064,4439,4625,287755,145459,142296,280716,141957,138759,252404,127968,124436,239432,121519,117913,226360,115068,111292,10770,5367,5403,24581,12124,12457,29724,14651,15073,12972,6449,6523,13072,6451,6621,33658,16309,17349,80653,40766,22567,18199,57387,212919,26513,238959,118846,120113,56000,30485,25515,264492,137487,127005,6136,3154,2976,4414,2280,2129,10,0,6,4201,2219,1975,4382,10,4171,10717,4430,2180,2245,17447,8407,7918,2032,3770,2519,2729,37505,11725,25017,1772,7838,1581,7238,4562,239783,3522,1762,1753,927,406,482,739,281,403,10475,5248,5227,13354,6693,6661,424,160,204,4202,2906,1287,13071,4386,8683,11446,6925,4521,26376,14920,11456,7984,3664,4320,55594,28274,27320,117245,59117,58128,160849,69554,91295,91149,58215,32931,157721,68463,89258,3126,1085,2036,91352,205403,111500,30417,242,3452,47066,465,3402,11029,92660,122867,36838,221971,25807,886,47948,79616,30073,49543,286943,101903,185040,84794,79630,83094,77930,79487,79616,4177,982,286943,79055,399,24358,55124,5850,11725,61903,79452,3,79334,77643,125,65533,47990,79346,37,79428,37,79268,0,79365,47436,180,73326,62390,46775,29563,5710,22430,60558,76451,38432,48686,72424,55038,28469,17809,12693,1467,2773,20970,334
O-2.1,74352,38247,36105,2820,1411,1407,71525,36833,34692,69385,35774,33611,60774,31495,29279,57040,29602,27438,53118,27716,25402,3377,1694,1683,7374,3644,3730,8663,4319,4344,3734,1893,1841,3922,1886,2034,8988,4457,4531,20555,8702,4669,4033,17305,51299,5741,64786,33124,31662,9416,5042,4374,68152,35138,33014,1143,594,546,2153,1044,1105,6,0,0,2130,1031,1095,2151,6,2128,5769,875,444,429,3820,1837,1567,548,927,636,729,9157,2889,5718,514,2109,472,2102,989,60900,1043,494,537,205,91,107,193,85,102,2970,1495,1469,3372,1738,1629,139,44,71,1481,950,529,1649,1009,634,2924,1672,1252,6670,3546,3122,2020,846,1170,16308,8067,8241,25549,13453,12096,40920,17956,22964,19710,13451,6259,40378,17761,22617,540,185,339,23648,50667,11903,10977,85,927,25977,83,694,441,20196,32665,7897,58159,5337,92,10666,18969,5871,13098,74351,20985,53366,21386,18970,20640,18224,18935,18969,1775,640,74351,18495,428,6681,12250,1788,2951,14192,18896,18,17919,16943,1003,16484,4221,18567,244,18733,189,17768,0,18615,10777,127,15103,12819,7205,7696,1231,1958,14756,17768,6966,10783,16196,10237,4217,2213,1464,517,1271,7749,200
O-2.2,48285,24910,23375,1769,908,861,46509,23998,22511,45131,23320,21811,39692,20639,19053,37187,19397,17790,34735,18209,16526,2071,1037,1034,4746,2322,2424,5684,2802,2882,2505,1242,1263,2452,1188,1264,5932,2892,3040,13534,5433,2917,2516,11091,33626,3561,41327,21208,20119,6854,3651,3203,44250,22878,21372,828,421,407,1532,758,774,3,0,0,1520,752,768,1529,3,1517,3992,710,354,354,2491,1083,1076,340,665,413,425,6754,1985,4479,345,1412,262,1497,666,38726,590,283,307,164,75,85,156,61,93,1886,969,917,2351,1179,1172,93,26,60,864,567,297,971,599,370,1643,966,677,3818,2073,1745,1037,442,595,10880,5541,5339,17554,9081,8473,26561,11678,14883,13078,8939,4139,26161,11543,14618,397,131,264,13377,34883,8193,10111,63,580,15342,92,470,412,13744,20792,5147,37053,3127,64,7992,12537,4356,8181,48283,15632,32651,14165,12537,13521,11893,12515,12537,1233,395,48283,12284,229,4213,8301,1072,1964,9474,12490,16,12147,11557,366,11104,2444,12294,141,12390,122,12043,0,12295,7157,63,10553,8875,5342,4943,1060,2419,9849,11866,5009,7068,11032,6767,2797,1558,1149,279,710,4991,93
O-3.1,168953,86731,82222,5745,2866,2877,163098,83810,79288,158518,81608,76910,140425,72714,67711,132069,68558,63511,123484,64396,59088,6987,3388,3595,15686,7706,7979,18950,9297,9653,8355,4155,4198,8585,4160,4419,20034,9898,10136,46819,20517,11128,9386,36775,118703,13364,141123,71792,69329,27340,14697,12643,154981,79810,75171,3312,1713,1598,1745,902,833,3,0,0,1723,889,824,1736,3,1714,4704,3203,1602,1594,9259,4265,4240,1140,1959,1442,1410,21501,6647,14392,1096,4366,979,3946,2327,136904,2111,997,1109,651,297,329,449,202,226,6848,3414,3429,8337,4215,4116,270,97,137,2196,1467,722,2641,1655,973,5856,3535,2319,13649,7719,5928,4236,1921,2313,34937,17655,17282,66355,33756,32599,85769,35635,50134,54437,36961,17474,83912,35003,48909,1853,624,1221,44636,124141,47747,25399,353,1598,46541,248,1944,1600,49196,72003,19197,134139,12711,243,21578,44034,15145,28889,168864,53810,115054,48797,44046,48311,43560,43948,44034,3855,888,168864,43037,875,12942,30968,2577,6320,35007,43864,23,43140,40610,754,37771,12137,43586,185,43790,99,43033,0,43637,23994,126,39769,33531,22013,17498,5303,18839,33893,41912,19756,27161,38824,28649,15971,7189,5203,1001,2064,13206,281
O-3.2,198415,102554,95861,6475,3234,3241,191904,99300,92604,186674,96758,89916,166169,86801,79368,157042,82304,74738,147689,77774,69915,8078,3916,4162,17657,8583,9074,21025,10291,10734,9127,4497,4630,9353,4530,4823,23491,11548,11943,56255,23200,12866,10334,41337,142383,14659,163937,83550,80387,33760,18632,15128,181366,94052,87314,4921,2547,2372,2417,1278,1134,3,0,0,2382,1263,1114,2403,3,2368,6607,3829,1920,1904,10508,4955,4688,1352,2228,1593,1864,22899,7285,14914,1197,4756,1007,4490,3266,163355,2567,1210,1355,785,359,403,573,235,317,7446,3691,3755,9833,4939,4894,333,145,158,2465,1678,774,3415,2216,1194,6503,3936,2564,16016,9131,6885,4842,2250,2592,37503,19221,18282,83514,42784,40730,107610,47590,60020,58315,39082,19233,105405,46817,58588,2205,770,1430,53897,144443,77621,22579,136,1835,40079,700,2141,1358,60368,82552,23228,144892,18341,577,34359,56283,20994,35289,198207,68876,129331,62516,56296,61808,55588,56189,56283,5121,1094,198207,55689,473,15122,41053,3452,6761,45958,56136,13,56032,55430,120,46460,34335,56030,57,56108,40,55946,0,56029,32007,111,51802,44585,33737,21874,4920,17543,43519,53922,28718,34854,51609,39766,24209,13970,9920,1075,1876,13829,253
O-4.1,183852,93775,90064,5183,2574,2608,178618,91181,87437,174408,89071,85337,157494,80772,76722,149580,76941,72639,141549,73002,68547,6413,3177,3236,14711,7232,7479,17832,8701,9131,7914,3831,4083,8031,3939,4092,20719,10193,10526,49041,28091,15772,12319,34221,130526,19054,151870,76429,75441,30696,16788,13908,166654,86864,79790,3718,1983,1733,3679,1931,1743,12,6,6,3592,1906,1681,3655,12,3568,8624,3308,1639,1664,9244,4415,4006,1088,2167,1509,1527,21915,6812,14024,1056,4804,876,4004,2906,151176,1823,879,932,519,221,262,471,193,249,6464,3259,3205,9362,4775,4587,254,79,145,2378,1558,811,3232,1885,1343,5903,3384,2511,14082,7703,6379,4399,1726,2670,30468,14966,15502,86689,44612,42077,97589,42889,54700,59656,37751,21905,95000,42027,52973,2589,853,1723,55101,128621,63755,28278,111,1761,26231,424,6090,4934,56870,78680,21901,142663,12879,612,27439,50019,18592,31427,179803,61933,117870,55833,50049,54956,49174,49974,50019,4323,1457,179803,49255,684,14194,35768,3571,5764,40618,49907,31,47261,43159,2682,41600,23833,49473,373,49826,112,47158,0,49662,23125,77,46322,40507,32091,25198,4854,11914,40141,48082,28367,33863,46329,35666,20353,14667,9223,778,1419,12240,164
O-4.2,261388,134805,126583,8577,4252,4319,252637,130463,122174,245722,127048,118674,218551,113694,104857,206200,107611,98589,193536,101375,92161,10614,5202,5408,23469,11564,11904,28204,13819,14385,12348,6082,6265,12664,6234,6426,30905,15403,15502,72597,33946,18526,15415,55017,183832,22365,216495,110551,105943,44135,23866,20268,241184,124729,116455,4241,2191,2037,6361,3188,3171,29,11,9,6288,3141,3145,6326,29,6253,15903,6309,3114,3190,14001,6377,6456,1701,3190,2181,2274,36357,10691,24853,1803,7531,1441,6560,4200,208843,3334,1615,1706,892,411,451,765,361,385,9733,4926,4800,12241,6337,5901,449,164,245,4376,2853,1516,5703,3572,2123,9455,5496,3957,22259,12168,10091,6620,2934,3680,50877,25395,25473,104776,54413,50362,139406,60849,78557,78823,52691,26129,136403,59777,76626,2993,1063,1925,82306,178842,71043,44913,363,2356,56232,895,3331,2043,76698,112156,29662,204113,19901,708,36257,67759,24596,43163,261286,90008,171278,75641,67777,75159,67295,67700,67759,6126,1725,261286,65858,1788,21493,46161,6420,9990,51235,67553,63,62374,57512,5261,55380,23004,66368,1006,67153,473,62054,4,66420,38414,309,59663,49820,35254,25852,7496,21332,54359,64443,31194,42192,60946,43707,18299,12479,8842,1455,2866,20872,459
P-1.1,207847,108785,99062,5893,2979,2914,201850,105753,96097,196996,103363,93633,179012,94556,84456,170474,90282,80192,161361,85784,75577,7269,3612,3657,15566,7584,7982,19078,9398,9680,8538,4274,4264,9111,4497,4614,23213,11617,11596,57086,33599,18941,14658,37269,147358,23115,169921,87113,82808,35434,20315,15118,191120,100127,90993,4825,2709,2116,2884,1723,1156,0,0,0,2855,1702,1148,2875,0,2846,6272,5477,2870,2607,9056,4511,3623,1265,2191,1653,1788,22214,7529,13473,1533,5377,1463,4610,2991,174727,2050,974,1069,902,447,446,626,297,315,7265,3699,3566,10387,5166,5221,304,130,162,2940,1973,964,4003,2586,1414,7679,4776,2903,16370,9312,7055,4691,1997,2694,35196,17815,17379,97020,50709,46311,116213,53470,62743,62320,40832,21484,113797,52597,61200,2416,873,1543,56650,150769,92334,17338,142,1092,24742,458,18953,1803,65716,88528,24518,167519,9439,713,29343,60296,22705,37591,207007,72053,134954,64539,60324,57125,52910,60245,60296,3487,728,207007,59788,396,17998,42214,3209,7896,49104,60183,14,59907,57979,296,53607,21498,60029,46,60084,114,59793,0,60002,26736,106,56627,51705,43348,32246,4697,5078,48711,58348,37441,43598,55833,46406,31745,23114,12986,869,1656,11640,208
P-1.2,273964,143459,130505,7512,3772,3736,265914,139412,126502,259874,136419,123455,236255,124732,111523,225414,119326,106088,214024,113711,100313,9253,4598,4650,20406,10079,10327,24597,12156,12441,10841,5406,5435,11390,5615,5775,28860,14218,14642,74506,44283,25607,18676,48012,195026,30388,230042,118939,111103,40752,22901,17851,251089,132033,119056,7122,3602,3519,2417,1251,1137,0,0,0,2361,1223,1110,2404,0,2348,5884,5406,2765,2634,15264,7697,6630,1789,3686,2549,2595,34277,10890,22801,1692,7451,1542,6384,4035,221444,2501,1223,1266,997,426,511,754,330,395,9070,4599,4471,12365,6249,6116,304,111,163,3274,2285,978,5479,3581,1887,8389,5051,3324,22323,12763,9560,5892,2556,3318,48211,24442,23769,127887,66771,61116,152902,69806,83096,82613,54595,28018,149207,68508,80699,3693,1290,2393,65728,207160,135662,30631,193,1883,34153,515,7514,1587,90726,109496,35634,219603,16644,928,35620,80712,32917,47795,273613,105116,168497,86325,80729,82688,77092,80587,80712,4182,1408,273613,80060,273,26092,54308,4045,10533,65807,80379,4,80333,80090,27,59700,22299,80278,9,80303,27,80240,0,80230,43092,125,76163,68225,56108,35116,5745,7792,64319,77822,47871,55470,74242,61571,43337,29142,17765,1135,2152,15908,230
P-1.3,49795,27658,22137,844,420,421,48938,27230,21708,48282,26889,21393,45539,25545,19994,44128,24856,19272,42601,24102,18499,1027,513,514,2372,1172,1200,3048,1501,1547,1411,689,721,1527,754,773,5473,2979,2494,13511,12568,7204,5364,5654,35086,9042,37461,19915,17546,9886,6498,3388,44440,24604,19836,2568,1685,883,836,676,158,4,0,0,822,666,154,833,4,821,450,959,500,458,2051,1170,743,384,607,649,530,4740,1662,2684,273,1394,372,1039,817,42166,132,63,54,120,67,45,59,21,23,1331,650,681,3481,1718,1763,16,3,3,243,170,58,375,268,100,659,505,150,2302,1737,565,581,321,259,3866,2626,1240,35022,18685,16337,29287,15086,14201,15726,10220,5506,28827,14870,13957,460,211,243,9148,40165,19578,4461,49,318,1487,122,17660,544,18495,20177,6429,39280,1805,402,7709,16346,6201,10145,49072,16244,32828,18761,16385,16217,13841,16320,16346,1755,621,49072,16226,72,3491,12788,384,639,15251,16310,0,16309,16247,0,14240,11363,16297,0,16305,0,16305,0,16298,3018,9,16156,15349,14547,13155,1354,2651,13596,15901,14265,14479,15792,15214,12970,10615,4800,153,72,836,11
P-1.4,227397,118166,109231,6952,3392,3560,220275,114693,105582,214559,111916,102643,192172,100869,91303,182150,95906,86244,172180,90962,81218,8751,4252,4499,19351,9571,9780,23219,11515,11703,10022,4963,5058,9970,4944,5024,25214,12675,12539,63192,31860,17844,14014,45079,160887,21263,187480,95718,91762,37594,21188,16406,207741,108251,99490,5778,3112,2661,2339,1294,1037,10,0,0,2268,1255,1005,2328,10,2257,5830,4192,2105,2082,11797,5784,4939,1481,2667,1800,2049,26146,8439,16749,1279,5540,1062,5179,3509,187387,2598,1240,1353,949,462,482,684,293,369,7876,3976,3898,10136,5202,4934,306,109,155,3272,2283,984,4739,3074,1663,8566,5148,3418,19051,10767,8282,5802,2464,3338,42578,21429,21149,95545,49711,45834,124379,55852,68527,67349,44793,22556,121528,54860,66668,2850,992,1858,55780,171261,104825,19922,126,4870,33321,457,11517,1538,70524,94647,26876,181488,13941,698,30741,61968,23341,38627,227291,81448,145843,66469,61975,61188,56694,61892,61968,3371,1122,227291,61458,331,18365,43453,3174,8761,49879,61801,5,61773,61582,21,50610,14497,61719,4,61763,17,61712,0,61692,31347,110,57867,52540,43129,28762,5184,4811,49740,59876,35363,41074,57256,45932,32677,20188,13826,940,1817,13259,230
P-2.1,159061,83367,75693,4487,2169,2318,154440,81132,73308,150928,79418,71510,138117,73134,64983,132191,70244,61947,126092,67283,58809,5415,2655,2760,10908,5343,5565,13418,6604,6814,5926,2890,3036,6099,2961,3138,15895,7858,8037,43023,27292,15783,11509,26736,113517,18674,128140,66058,62082,29648,16638,13010,142949,75279,67670,7411,3864,3547,1198,641,555,3,0,0,1175,627,546,1194,3,1171,2708,3152,1585,1567,8762,4395,3733,1112,2106,1578,1509,21443,7075,13760,1173,5129,1153,4594,2333,127581,1335,629,704,590,269,316,389,166,208,5052,2480,2572,7725,3876,3849,151,42,76,1550,1113,430,1965,1338,623,4093,2639,1454,11222,6745,4477,2772,1219,1553,23042,11722,11320,84732,44024,40708,89061,41135,47926,48890,31919,16971,86778,40271,46507,2283,862,1419,34939,123936,83722,17244,285,7048,13467,373,3680,990,52482,63646,21965,122875,10683,798,24399,49782,19743,30039,158773,58388,100385,55865,49806,54587,48528,49713,49782,4458,1601,158773,49470,177,15048,34612,1725,5300,42634,49638,9,49611,49208,44,42871,32119,49577,7,49630,17,49565,0,49577,23808,87,47584,42526,35747,24468,3852,13947,39384,48254,32330,35076,46109,39019,25203,18548,11756,623,1125,8642,141
P-2.2,67811,36269,31542,1611,791,820,66156,35456,30700,64829,34768,30061,60021,32422,27599,57778,31338,26440,55525,30233,25292,2008,1040,968,4127,1994,2133,5038,2424,2614,2243,1084,1159,2253,1105,1148,6267,3104,3163,17661,14527,8687,5840,9989,47298,10480,55268,29060,26208,11808,6847,4961,61052,32817,28235,3408,1764,1644,500,281,215,0,0,0,494,276,214,500,0,494,998,2014,1055,959,3627,1965,1463,478,961,756,681,8521,2980,5293,442,2226,530,1547,972,55161,419,198,215,179,77,91,115,43,58,1949,968,981,3444,1725,1719,48,15,26,441,322,110,562,421,136,1304,882,422,3907,2506,1401,1020,476,542,7565,3942,3623,41626,21947,19679,37232,17479,19753,22729,14909,7820,36265,17092,19173,967,386,580,14033,53712,37299,9047,125,1209,4397,154,2776,408,23689,26586,9733,52621,4438,408,10211,22271,9504,12767,67359,27060,40299,25297,22278,24910,21891,22241,22271,2012,1007,67359,22176,34,6200,16022,465,1819,19936,22218,0,22169,21819,46,17266,15391,22189,6,22214,4,22162,0,22193,9767,10,21564,19483,16947,11991,1590,4587,18105,21664,15425,16703,20711,18177,12471,9576,5629,240,386,3277,18
P-2.3,135498,71006,64492,3648,1735,1913,131842,69266,62576,128963,67875,61088,118514,62751,55763,113595,60310,53285,108365,57808,50557,4406,2124,2282,8922,4391,4531,10958,5389,5569,4919,2441,2478,5230,2502,2728,14007,6921,7086,36206,24490,13949,10541,21895,96442,17153,108608,56222,52386,26210,14426,11784,122563,64626,57937,5974,3049,2925,961,498,456,3,0,0,949,493,449,961,3,949,2329,2474,1241,1232,7451,3869,2973,843,1805,1221,1213,16938,6002,10674,858,4173,869,3404,2044,110105,969,458,509,473,209,247,306,125,168,4445,2169,2276,7320,3688,3632,87,28,43,1172,838,315,1578,1075,499,3795,2483,1312,10341,6178,4163,2376,1044,1332,19039,9710,9329,72361,37430,34931,73832,33875,39957,44475,28804,15671,71813,33122,38691,2017,752,1265,26462,108959,79596,15111,383,2737,9241,242,2770,971,47231,53940,17300,105827,9182,510,19750,40772,16420,24352,135398,50948,84450,43686,40776,42037,39127,40700,40772,2176,732,135398,40634,46,8829,31870,775,2969,36933,40695,0,40649,40545,44,28899,24298,40667,6,40693,3,40639,0,40672,21140,10,39518,35984,29459,18580,2723,10356,32200,39570,26048,29925,37623,32317,18107,14990,9492,507,767,6676,57
P-2.4,63510,33363,30147,1837,915,922,61493,32358,29135,60089,31670,28419,55025,29229,25796,52706,28098,24608,50216,26845,23371,2148,1027,1121,4320,2102,2218,5271,2563,2708,2319,1131,1188,2490,1253,1237,6190,3113,3077,16890,11515,6668,4847,10624,44684,8022,52494,27205,25289,10329,5828,4501,56433,29811,26622,3373,1722,1651,519,270,247,0,0,0,511,264,245,514,0,506,1138,1139,576,562,3906,1982,1667,421,897,613,600,8935,2896,5806,343,1985,328,1751,946,50057,492,241,251,205,99,94,131,56,67,2106,1068,1036,3017,1566,1451,55,17,22,449,329,120,657,461,196,1514,994,520,4880,2938,1942,1240,531,707,9814,4971,4843,32888,17114,15774,35388,16265,19123,19552,12918,6634,34400,15917,18483,988,347,640,13665,49644,34703,6614,78,504,6713,78,1581,471,21622,24646,8746,49552,4883,412,8428,19451,8062,11389,63492,25399,38093,22384,19453,21733,18802,19416,19451,1917,1014,63492,19318,34,7387,11974,885,2479,15998,19355,0,19277,19247,76,17057,10846,19249,9,19320,35,19255,0,19231,10234,31,18371,16019,13430,8558,1503,4188,15691,18745,11758,12998,17764,14828,9690,7071,4411,239,532,3811,49
P-3.1,91743,47728,44015,3312,1617,1695,88363,46077,42286,85649,44713,40936,76287,40116,36171,72074,37997,34077,67775,35839,31936,4146,2038,2108,7930,3923,4007,9573,4782,4791,4213,2119,2094,4299,2158,2141,10477,5206,5271,25812,11114,6340,4774,19601,64730,7344,77378,39730,37648,13589,7587,6002,82520,43124,39396,2774,1422,1352,746,379,367,0,0,0,724,371,353,743,0,723,1812,1496,772,722,3821,1670,1858,477,856,671,660,8344,2592,5528,469,1880,416,1579,1131,78881,1131,587,544,361,144,213,257,120,134,3504,1803,1701,4341,2220,2121,148,57,74,1257,857,400,1679,1101,576,3243,2001,1242,7655,4388,3267,2071,922,1149,16806,8419,8387,37979,19732,18247,48828,21705,27123,27289,18331,8958,47882,21377,26505,946,327,618,23608,67990,40784,8537,167,878,14128,282,4203,752,28055,38742,9438,75055,4892,521,11088,24709,8507,16202,91734,29123,62611,26687,24710,24331,22354,24689,24709,1514,461,91734,24497,158,7388,17276,1306,3658,19700,24653,6,24586,23725,76,22366,6398,24561,54,24590,60,24507,0,24552,13358,53,22430,20159,16299,10735,1707,1794,19176,23804,13370,16063,22811,17695,10584,7563,4730,435,794,5951,98
P-3.2,120992,63303,57689,4472,2180,2292,116475,61101,55374,113130,59469,53661,101498,53858,47640,96532,51396,45136,91230,48802,42428,5108,2485,2623,9869,4758,5111,11687,5711,5976,4966,2462,2504,5302,2594,2708,14063,7390,6673,35684,14344,7752,6592,24415,87305,9227,98112,49973,48139,18090,10839,7251,106173,55381,50792,4777,2936,1841,1163,727,436,0,0,0,1143,714,429,1156,0,1136,1903,1511,730,781,3698,1663,1648,558,844,747,662,9971,2824,6335,573,2123,475,1805,1234,106212,1384,697,687,622,283,339,375,165,207,4298,2116,2182,6561,3355,3206,183,77,96,1203,786,417,2030,1281,749,3477,2191,1286,7954,4845,3109,2540,1171,1369,17883,9697,8186,59497,30535,28962,68057,31682,36375,32897,21858,11039,66893,31294,35599,1164,388,776,27415,93085,46074,7124,163,650,12886,474,30721,1172,37867,52073,11211,95920,5007,4552,14882,34442,11215,23227,120921,36188,84733,37656,34447,27233,24024,34427,34442,2596,612,120921,34001,349,9253,25144,1518,3638,29240,34381,11,34265,31666,114,28796,17320,34236,63,34299,54,34186,0,34208,11397,23,32274,30097,26580,22493,3053,3191,27180,33500,23922,25639,32586,28134,20777,17067,9695,442,784,5370,58
P-4.1,45699,25162,20537,1167,521,641,39644,22192,17452,38779,21753,17026,35958,20348,15610,34568,19661,14907,33125,18947,14178,1354,653,699,2329,1187,1140,3007,1513,1492,1386,684,702,1442,712,727,4490,2447,2043,11908,8604,4859,3742,6241,28088,6478,26520,13841,12678,11411,7364,4047,32957,18400,14557,4635,2754,1876,667,536,115,0,0,0,651,523,112,667,0,651,343,742,379,353,1199,629,410,162,255,287,259,3354,1055,1901,164,871,235,698,467,35770,138,72,52,71,31,29,59,16,11,1286,630,653,2994,1437,1556,17,6,6,157,108,38,323,248,53,667,542,102,2011,1640,368,473,282,177,3401,2396,1001,26656,13980,12674,23264,12148,11112,12479,8103,4375,23039,12041,10994,216,96,103,6201,34367,10616,1485,33,5379,1302,97,18264,735,14312,16967,4505,31544,1769,2447,4733,13747,4890,8857,44477,13969,30508,15556,13769,11055,9268,13731,13747,1370,408,44477,12015,13,2499,9544,182,537,11304,12047,0,12047,12024,0,10148,8607,12040,0,12044,0,12044,0,12040,1356,3,11936,11531,10717,10602,1149,2134,9642,11856,10802,10758,11823,11429,9768,8652,3843,86,35,458,8
P-4.2,37197,19773,17424,1247,633,612,35948,19138,16810,35063,18679,16384,32538,17443,15095,31615,16996,14619,30728,16556,14172,1372,695,677,2038,1000,1037,2266,1097,1169,923,445,474,886,440,446,2145,1243,902,10503,7292,4168,3124,5580,26295,5320,23279,12061,11218,6912,4323,2589,29653,15788,13865,2303,1386,917,324,253,67,0,0,0,321,250,67,322,0,319,272,938,446,492,993,578,360,179,286,308,248,3237,1214,1843,241,929,288,788,409,32536,248,123,118,134,61,62,60,15,28,790,386,404,1181,615,566,25,4,4,98,77,14,155,117,28,425,314,106,992,770,220,291,163,124,2057,1383,673,26990,13848,13142,23462,11235,12227,8918,6116,2802,23190,11106,12084,270,127,137,4814,32188,12669,1709,43,628,595,156,19984,772,11585,16454,4362,22297,1692,4552,8295,15632,5851,9781,37188,12200,24988,20017,15633,17447,13063,15610,15632,2677,1706,37188,15592,8,5280,10330,261,746,14600,15609,0,15607,15589,0,13959,14423,15601,0,15609,0,15605,0,15601,2718,4,15536,14864,14019,12726,1994,3909,12164,14978,14095,13343,15304,14890,12337,11298,4673,328,28,538,5
P-4.3,84574,44129,40436,2423,1160,1261,82134,42963,39171,80187,42007,38180,73811,38905,34906,71099,37569,33530,68382,36251,32131,2979,1405,1574,5342,2652,2690,6235,3076,3155,2710,1335,1375,2717,1318,1399,7214,3564,3650,23567,14174,8386,5788,13459,61132,9967,61846,31975,29871,16033,9021,7010,71480,37663,33817,5188,2699,2489,644,351,288,3,0,0,635,344,286,644,3,635,1278,1569,846,720,4048,2150,1665,503,1036,778,743,9705,2945,6442,470,2240,523,1786,1121,70207,647,324,313,310,153,145,162,81,72,2255,1134,1121,3511,1741,1770,92,35,50,687,512,162,851,602,235,1704,1100,596,4603,2964,1639,1204,551,648,10321,5362,4956,50449,25842,24607,49841,23007,26834,23814,15829,7985,48715,22572,26143,1125,433,690,17136,67320,42164,6790,171,3212,4522,146,14303,1412,28891,34247,10599,61827,5551,2160,14729,29785,12012,17773,84426,32378,52048,32875,29791,23278,20197,29753,29785,2116,959,84426,29702,35,9798,19952,920,2965,25855,29740,0,29742,29724,0,21204,17817,29724,0,29726,20,29710,0,29706,12429,23,28842,26213,22988,16616,2413,6365,23372,28770,21650,22053,27919,25340,17562,15216,7757,531,684,3609,109
P-4.4,172002,90303,81690,4649,2270,2379,167302,88013,79289,163640,86185,77455,150735,79718,71017,144998,76901,68097,139169,74048,65121,5600,2832,2768,10962,5460,5502,13193,6518,6675,5736,2816,2920,5829,2853,2976,16272,8100,8169,49402,26763,15637,11125,26952,126748,18250,132388,68835,63553,34150,18734,15412,148901,78659,70242,11463,5902,5558,1405,763,640,4,0,0,1388,755,631,1402,4,1385,3112,6349,3277,3069,8025,4079,3423,1004,1803,1415,1339,21761,6637,14499,999,4716,1025,3867,2380,140898,1123,550,571,549,272,272,351,176,162,4976,2478,2498,8572,4328,4240,148,60,63,1159,834,323,1484,1022,462,3238,2192,1044,9558,5978,3576,2634,1257,1375,20812,10897,9913,103219,53168,50051,102910,48538,54372,47589,31063,16526,100786,47650,53136,2124,888,1234,35013,136814,92500,20369,288,5807,11212,250,10814,1458,61905,67604,21139,130145,11293,1379,28873,60579,25283,35296,171752,67782,103970,69807,60601,66246,57038,60475,60579,6069,3137,171752,60335,103,18242,42217,1744,6074,52640,60440,9,60383,60221,68,50223,45168,60287,0,60379,71,60302,0,60272,29268,67,58665,52690,45196,29562,4839,13606,46414,58469,43331,43295,56865,50337,33112,28816,16227,950,1197,8064,157
P-4.5,74998,39627,35369,1692,785,905,72316,38345,33971,70879,37636,33243,66013,35211,30802,63755,34133,29622,61540,33034,28506,2134,1066,1068,4169,2068,2101,5119,2471,2648,2258,1078,1179,2215,1099,1116,6423,3265,3158,20435,14274,8550,5724,10253,53593,10162,58134,30356,27778,13418,7519,5899,65948,35115,30833,3660,1902,1758,544,307,235,0,0,0,541,305,234,543,0,540,1099,1656,842,812,3501,1903,1310,408,861,706,631,8318,3212,4716,479,2207,555,1866,1043,61573,470,223,246,187,97,79,121,49,62,1891,937,954,3446,1753,1693,45,13,20,467,340,122,612,424,183,1498,996,499,3734,2376,1358,1278,609,665,7692,4083,3607,47143,24576,22567,45012,21443,23569,20764,13654,7110,43926,21038,22888,1085,404,681,16536,57332,37136,9093,72,1352,4659,113,7734,739,27399,28636,9854,54841,4371,684,13857,27009,12157,14852,74666,31824,42842,29936,27034,26492,23591,26976,27009,2276,624,74666,26593,30,9167,17478,970,2757,22918,26638,0,26633,26607,6,23959,16855,26600,0,26633,11,26614,0,26596,12576,40,25809,23009,19921,13518,1892,5414,21359,25440,19747,19809,25184,22775,15775,13967,7153,543,420,3096,108
S-1.1,89487,48237,41250,1891,897,992,87587,47332,40255,86078,46585,39493,81296,44228,37068,79257,43255,36002,77188,42183,35005,2254,1101,1153,4037,2003,2034,4756,2300,2456,2039,973,1066,2069,1070,997,6562,3471,3091,24938,19687,11855,7832,10221,65224,14033,64262,34201,30061,19702,11171,8531,77964,42321,35643,5687,3013,2674,759,508,247,0,0,0,756,505,247,753,0,750,886,1925,1016,909,3330,1822,1118,406,818,780,662,8866,3084,4882,425,2478,516,1835,1382,76493,379,177,199,246,112,121,154,70,72,1830,963,865,4195,2144,2051,41,9,9,224,150,57,399,290,103,691,497,192,1716,1298,418,605,329,274,3542,2244,1298,70701,37597,33104,56917,27879,29038,24211,16282,7929,55781,27344,28437,1136,534,601,16648,72742,45679,10309,70,717,1265,151,23104,816,33163,36876,11183,63357,3905,1032,20953,37165,16364,20801,88942,35451,53491,42856,37192,39336,33672,37113,37165,4283,1381,88942,37068,6,11411,25694,621,1710,34774,37101,0,37104,37055,0,32818,35203,37085,0,37100,0,37095,0,37083,9007,6,36836,34161,32277,27693,2775,7929,29753,36036,32914,31035,36259,35144,28526,25840,11934,462,129,1511,12
S-1.2,82280,43792,38488,1927,928,999,80347,42859,37488,78925,42160,36765,74542,40011,34531,72809,39188,33621,71028,38278,32750,2117,1029,1088,3688,1819,1869,4210,2035,2175,1733,823,910,1781,910,871,5768,2927,2841,24334,15586,9493,6093,9465,61699,11110,60464,31677,28787,17445,9812,7633,70329,37673,32656,6244,3285,2959,649,392,256,0,0,0,642,387,254,647,0,640,889,2422,1275,1147,3300,1686,1338,420,837,729,648,10033,3001,6194,484,2488,575,2262,1276,68175,303,140,159,215,93,102,87,29,37,1594,810,784,3545,1761,1784,26,0,9,223,164,49,319,214,96,666,486,174,1734,1217,515,552,296,253,3794,2295,1499,64242,33781,30461,54543,26711,27832,19804,13224,6580,53594,26241,27353,949,470,477,14500,67652,44583,9347,127,674,1981,191,18542,670,30375,34100,9959,57628,3745,814,19861,35311,15385,19926,81537,32624,48913,40012,35360,35652,31000,35274,35311,3503,1149,81537,35191,23,11899,23348,613,2225,32411,35241,0,35244,35213,0,31239,32014,35228,0,35244,3,35231,0,35223,9462,11,34872,31840,29971,25368,2783,6742,27595,34049,31048,28236,34330,33110,25811,24212,11137,522,178,1609,19
S-1.3,125352,66832,58520,2551,1255,1296,122794,65573,57221,120701,64531,56170,113757,61083,52674,110755,59583,51172,107624,58041,49583,3191,1571,1620,5846,2919,2927,6955,3457,3498,3002,1500,1502,3131,1542,1589,9615,4781,4834,36070,24408,14652,9756,14590,93631,17124,95203,49965,45238,25613,14540,11073,110704,59344,51360,7555,3926,3629,1035,598,435,0,0,0,1032,598,432,1035,0,1032,1841,4294,2209,2083,5516,2782,2291,619,1387,1038,1060,15527,4390,10289,583,3465,738,2889,2242,103063,527,254,266,329,170,142,181,80,76,2819,1416,1403,5836,2862,2974,38,19,6,408,295,103,700,470,226,1291,923,366,3303,2301,1002,1020,534,486,7036,4011,3025,94717,49729,44988,80709,39526,41183,32836,21454,11382,79058,38740,40318,1651,786,865,26946,98275,65745,19024,159,852,3228,327,15184,1478,47886,50427,15348,87243,7429,1273,29149,50855,22943,27912,125098,53008,72090,57681,50876,53248,46443,50790,50855,5259,1546,125098,50715,23,15232,35547,929,2909,46941,50771,3,50772,50706,0,47659,46103,50746,0,50770,0,50755,0,50731,18616,25,50021,44683,41223,31262,3814,11126,41018,48759,42471,40275,49125,46270,33730,31450,15663,788,390,3439,46
S-1.4,44693,23857,20836,923,454,469,43766,23400,20366,43063,23073,19990,40415,21801,18614,39210,21220,17990,37935,20588,17347,1063,504,559,2288,1095,1193,2745,1315,1430,1205,581,624,1275,632,643,3804,1874,1930,12300,9372,5576,3796,5479,32652,6558,36049,19063,16986,7859,4392,3467,40425,21752,18673,2213,1107,1106,428,228,198,0,0,0,423,225,196,426,0,421,770,1424,720,704,2294,1242,907,260,546,473,438,5818,2068,3397,221,1421,295,1267,1043,36076,156,75,79,144,74,62,77,27,36,1100,565,535,2240,1127,1113,18,0,9,173,126,41,251,174,75,612,444,168,1496,1051,445,476,230,246,3282,1792,1490,31889,16759,15130,27526,13373,14153,12811,8391,4420,26883,13107,13776,643,266,377,9996,34640,23146,7706,29,326,1952,71,2775,295,16410,17735,6228,31649,3337,294,9297,16796,7331,9465,44581,18019,26562,18959,16806,18611,16458,16778,16796,1579,574,44581,16759,8,5309,11463,271,1001,15503,16773,0,16770,16737,0,15793,13320,16758,0,16772,0,16762,0,16751,6471,0,16445,14769,13457,10025,1286,3160,13409,16226,13331,13016,16055,14738,10316,8812,4579,218,152,1542,17
S-1.5,92341,49314,43027,2027,1035,989,90302,48271,42031,88706,47467,41239,83377,44844,38533,80841,43572,37269,78310,42305,36005,2381,1186,1195,4544,2241,2302,5590,2776,2814,2536,1272,1264,2531,1267,1264,7545,3691,3854,25804,18291,11039,7252,11488,68073,12768,71802,37795,34007,17484,9912,7572,82166,44035,38131,4916,2588,2328,666,402,264,0,0,0,661,398,263,665,0,660,1217,2260,1130,1129,3776,2024,1393,468,902,765,751,10112,3431,5798,442,2623,485,2078,1350,77671,387,183,204,224,111,107,149,81,62,2257,1139,1118,4759,2276,2483,26,6,13,322,222,97,484,329,151,932,677,255,2818,1976,842,761,386,375,6077,3434,2643,67817,35610,32207,57224,27831,29393,26004,16934,9070,55930,27270,28660,1294,560,733,19107,73142,47760,14212,89,624,3457,168,11393,635,33730,37794,11789,65446,6077,719,19943,35926,15514,20412,92101,36637,55464,40485,35941,38121,33577,35890,35926,3579,965,92101,35831,21,10388,25489,557,2101,33215,35876,0,35855,35781,16,33210,32162,35854,0,35865,7,35847,0,35853,11700,16,35422,32066,29581,23633,2697,7809,29141,34715,29925,28802,34591,32524,24225,21725,11160,442,279,2535,26
S-2.1,63253,34473,28780,1280,625,655,61954,33839,28115,60971,33357,27614,57195,31527,25668,55378,30641,24737,53364,29647,23717,1529,749,780,3230,1563,1667,4022,1932,2090,1817,886,931,2014,994,1020,5768,2947,2821,16195,15745,9418,6327,7856,44172,11206,50983,27159,23824,10277,6223,4054,57792,31597,26195,2370,1319,1051,769,501,266,0,0,0,763,498,263,763,0,757,981,1333,696,637,2858,1542,1002,374,792,674,623,6930,2504,3862,358,1877,441,1505,1055,52835,256,102,139,203,78,113,135,69,56,1746,854,892,3502,1762,1740,44,15,22,360,276,63,495,364,127,930,627,303,2638,1758,880,722,343,374,5506,3038,2468,43647,23644,20003,36367,17990,18377,20684,13478,7206,35472,17635,17837,895,353,538,15677,47476,27699,10182,51,464,2955,150,8676,571,22937,25291,8924,46066,2786,486,13699,21597,9672,11925,62454,25638,36816,24011,21645,22278,19912,21549,21597,1775,591,62454,21474,44,5109,16430,444,1209,19878,21529,6,21525,21500,6,19913,15317,21517,0,21526,3,21501,0,21504,6557,7,21137,19544,17404,14670,1886,5359,17743,20650,17376,17713,20557,19251,13684,11726,5480,318,244,1795,23
S-2.2,151507,80545,70962,3294,1632,1662,148157,78885,69272,145451,77514,67937,135110,72398,62712,130043,69966,60077,124585,67288,57297,4118,2060,2058,8929,4427,4502,11268,5530,5738,5067,2432,2635,5458,2678,2780,14393,7117,7276,38777,35540,20566,14974,21408,104289,25754,124398,65065,59333,25892,14809,11083,140234,74794,65440,4697,2485,2212,1081,617,458,5,0,3,1068,610,452,1067,5,1054,2149,2731,1406,1323,8950,4581,3595,1104,2156,1526,1757,19831,6692,12233,922,5211,910,4141,2867,121479,754,387,349,434,179,220,305,120,149,4748,2346,2402,8238,4085,4153,82,9,34,1233,709,512,1696,982,703,2796,1810,969,8460,5326,3131,1984,919,1064,16732,8970,7762,94262,49482,44780,80158,37572,42586,54783,34748,20035,77601,36572,41029,2557,1000,1557,36712,114671,73440,24955,96,3322,8668,223,6795,1164,52239,61884,20957,116555,10920,714,22755,47840,19793,28047,150977,57584,93393,51635,47848,50010,46223,47746,47840,2903,880,150977,47668,25,7633,40095,884,1940,44878,47721,0,47712,47667,7,32585,24689,47698,0,47720,4,47701,0,47697,17748,33,46748,43911,37565,29189,3225,8741,38525,46713,34338,38976,45047,40455,26098,20615,12033,474,613,5710,75
S-2.3,109308,58294,51014,2360,1193,1167,106934,57093,49841,105038,56165,48873,98162,52770,45392,94803,51123,43680,91063,49236,41827,2908,1396,1512,5864,2927,2937,7383,3660,3723,3359,1647,1712,3740,1887,1853,10209,5018,5191,27638,26128,15213,10915,14491,75754,19049,89495,46806,42689,18235,10657,7578,101190,54153,47037,3259,1742,1513,1065,651,407,7,6,0,1049,639,403,1063,7,1047,2188,2128,1086,1038,6050,3219,2242,738,1606,1258,1253,12526,4569,7434,699,3523,857,2777,1898,89736,593,276,301,326,163,142,188,79,94,3249,1640,1607,5791,2819,2972,42,16,25,715,492,207,990,661,324,1923,1291,622,5338,3415,1921,1407,668,736,10359,5744,4615,71958,37646,34312,60121,28239,31882,37814,24432,13382,58501,27564,30937,1620,671,945,27950,81228,51743,15949,88,1138,6719,230,8000,1018,37403,44960,15697,84769,7291,588,16460,35086,14405,20681,108823,41663,67160,38246,35120,36601,33475,35038,35086,2666,449,108823,34939,65,7309,27719,799,1936,32282,35021,0,35004,34936,16,31319,24590,34971,0,34995,32,34964,0,34959,10608,19,34224,31458,28236,23820,3113,7919,29524,34129,26621,28667,33209,30193,21599,16814,9166,357,431,3871,39
S-2.4,130940,68361,62579,3613,1728,1885,127304,66622,60682,124467,65219,59248,114176,60154,54022,109274,57786,51488,104056,55248,48808,4285,2083,2202,8843,4385,4458,10927,5350,5577,4902,2368,2534,5218,2538,2680,16129,7958,8171,36604,21707,12640,9067,21643,93535,15739,99965,51177,48788,28806,16001,12805,118072,61920,56152,5317,2750,2567,3074,1687,1386,24,13,3,3038,1665,1372,3059,23,3024,6198,2257,1206,1050,7051,3529,2863,869,1635,1326,1315,16530,5740,9850,817,3831,715,3645,2234,106278,1023,483,531,263,127,127,226,99,123,4223,2109,2114,8400,4197,4203,132,61,63,1809,1262,538,2343,1581,754,4308,2620,1684,8626,4963,3659,2796,1232,1553,20944,10822,10122,67260,34952,32308,73472,33996,39476,40492,26065,14427,71745,33337,38408,1727,658,1068,36406,94423,51644,21380,98,669,15172,291,7766,931,46524,51379,16209,96654,7949,478,25638,39087,16874,22213,130652,53389,77263,42546,39108,40892,37454,39049,39087,1890,1547,130652,38927,107,12635,26407,3206,4963,30868,39032,6,39008,38834,31,31254,23622,38950,0,38979,58,38941,0,38921,20193,92,36525,31824,26235,17918,2669,6293,30542,36943,24553,26427,36107,30651,17445,14190,7913,942,999,7088,129
S-2.5,159113,83504,75609,4237,2068,2167,154859,81424,73435,151455,79757,71698,139048,73673,65375,133203,70770,62433,127018,67760,59258,5211,2563,2646,10599,5188,5411,13030,6438,6592,5845,2903,2942,6185,3010,3175,17286,8512,8771,43086,27405,15711,11691,25892,114556,18645,130246,67205,63041,27355,15514,11838,146091,77055,69036,4550,2332,2218,1731,958,770,0,0,0,1704,947,754,1721,0,1694,3830,2655,1355,1300,9529,4552,4192,1014,2224,1520,1661,20856,6764,13293,981,4792,996,4189,3038,127094,1093,555,529,442,207,227,334,152,173,5144,2544,2600,8776,4363,4413,174,62,96,1628,1138,482,2550,1667,878,4237,2728,1504,10316,6063,4248,2695,1188,1499,24851,12814,12037,84545,44019,40526,90196,42271,47925,48515,31251,17262,88020,41454,46566,2174,812,1359,44140,114771,68379,24126,131,1024,16966,436,5480,1366,54920,63551,20442,119312,10588,605,28265,47763,19716,28047,158898,61184,97714,51398,47781,49202,45585,47718,47763,2802,810,158898,47549,136,13878,33824,2668,5701,39324,47679,13,47660,47430,38,39663,26114,47554,20,47622,61,47563,0,47507,22796,54,45479,40352,33441,23731,3614,8560,37813,45879,30573,33131,44223,37222,22745,16972,10348,781,1186,8540,120
S-3.1,100080,52439,47641,3086,1562,1524,96970,50863,46107,94560,49668,44892,84769,44860,39909,80276,42535,37741,75678,40277,35401,3712,1808,1904,8489,4195,4294,10209,5164,5045,4493,2325,2168,4598,2258,2340,11349,5635,5714,27496,14510,8269,6241,19780,70424,9852,86462,44596,41866,12897,7463,5434,92377,48478,43899,1879,1043,836,1031,608,423,5,3,0,1013,598,415,1029,5,1011,2436,2173,1100,1073,5966,2773,2762,661,1317,919,925,13934,4057,9440,671,2803,511,2674,1626,79413,1033,492,541,298,139,147,241,112,117,3565,1786,1779,4739,2352,2387,140,50,80,1409,935,474,2094,1303,788,3229,1966,1262,9140,5069,4069,2729,1170,1559,19168,9714,9454,41743,22094,19649,54063,24460,29603,30439,20229,10210,52605,23958,28647,1458,502,956,27696,72262,41893,12636,38,717,13462,91,5415,456,29808,42094,12785,80475,5256,471,13725,27233,10138,17095,99798,34290,65508,28870,27240,26966,25336,27189,27233,1301,329,99798,26848,323,8138,19042,1785,3792,21603,27150,25,26886,25918,287,23158,6581,27046,68,27141,26,26834,0,27070,13848,81,25066,22710,18709,12609,2127,2862,21778,26249,14933,18959,24910,20469,13762,8952,5483,432,855,5798,136
S-3.2,124088,64917,59171,3311,1646,1665,120758,63261,57497,118009,61900,56109,106942,56444,50498,101705,53857,47848,96380,51279,45101,4216,2084,2132,9600,4733,4867,11768,5846,5922,5237,2587,2650,5325,2578,2747,13594,6787,6807,33259,20847,11885,8962,22364,87311,14394,104473,53637,50836,18412,10775,7637,115382,60530,54852,2054,1208,846,1222,718,494,0,0,0,1202,702,490,1216,0,1196,2765,2694,1385,1308,6510,3308,2707,801,1540,1161,1153,15860,5545,9715,881,3660,811,3440,1911,100415,1119,560,548,445,220,212,335,139,178,4259,2107,2152,5910,3010,2900,123,41,56,1786,1213,565,2358,1545,808,4385,2692,1689,10320,5901,4419,3148,1381,1765,21654,10959,10695,56486,29584,26902,66463,30297,36166,39950,26020,13930,64731,29675,35056,1732,622,1110,32518,91194,55136,13919,87,1179,15022,149,8097,685,38957,51631,16024,100486,6282,590,16192,34772,13250,21522,123535,43251,80284,36238,34782,33432,31976,34737,34772,1219,231,123535,34577,139,9964,24749,1691,4624,28395,34709,6,34715,34512,4,29202,9096,34644,3,34689,28,34660,0,34617,17041,47,32586,29614,24433,16835,2753,2491,28692,33691,20334,25449,31926,26372,18424,11505,7078,454,913,7067,102
S-4.1,93122,50289,42833,1594,788,806,91462,49467,41995,90087,48771,41316,84371,45947,38424,81579,44550,37029,78405,43038,35367,2147,1088,1059,4944,2432,2512,6190,3063,3127,2792,1397,1395,3174,1512,1662,9085,4661,4424,24035,22773,13432,9341,11477,64922,16657,73828,39250,34578,17987,10339,7648,85192,46196,38996,4389,2320,2066,749,425,309,0,0,0,744,423,306,745,0,740,1244,1346,691,648,4820,2552,1705,566,1273,949,909,10905,3796,6217,498,3079,564,2359,1760,76514,338,166,131,257,119,109,141,60,59,2826,1360,1466,5868,2999,2868,49,11,26,380,236,118,548,365,160,1186,825,345,3441,2285,1155,1174,570,602,6918,3866,3052,65842,35122,30720,50547,24092,26455,33734,21812,11922,49158,23490,25668,1388,600,784,22186,70852,43757,15491,57,2836,3238,246,8113,742,32418,38541,13407,71741,6061,471,14678,31415,13174,18241,92800,35284,57516,35252,31438,34656,30842,31379,31415,2665,1146,92800,31288,28,5648,25689,381,831,30098,31335,0,31332,31309,0,27885,22645,31310,0,31333,0,31326,0,31306,8770,3,30917,29129,26015,22185,2162,4953,25486,30655,25019,26358,29990,28039,21231,16568,8967,264,224,2593,15
S-4.2,132115,69436,62673,3268,1592,1676,128730,67789,60941,125889,66391,59498,114489,60778,53711,109244,58117,51127,103732,55463,48269,4411,2165,2246,9830,4846,4984,11989,6002,5987,5245,2661,2584,5512,2654,2858,14367,7195,7172,36459,21702,12299,9403,22754,94818,14426,106894,55253,51641,23496,13280,10216,121614,64156,57458,3652,1928,1724,1487,823,662,6,0,0,1466,811,653,1481,3,1461,3512,3185,1626,1550,6980,3250,3073,842,1613,1093,1272,16653,5206,10684,786,3651,743,3493,2373,107126,937,439,488,384,197,175,271,115,136,4558,2264,2294,7273,3701,3572,143,41,67,1454,938,509,2040,1296,737,3616,2200,1414,8648,4992,3652,2752,1185,1564,19066,9826,9240,69721,36741,32980,75509,35550,39959,38760,25146,13614,73878,34908,38970,1627,639,986,36674,95259,51466,20729,46,769,16340,273,8631,958,43173,55018,16245,98754,9433,546,23125,39692,16225,23467,131623,50356,81267,43193,39720,41397,37924,39647,39692,2505,967,131623,39403,192,11132,28479,1938,4395,33273,39597,3,39516,39082,82,31968,25346,39517,32,39518,85,39414,0,39476,16653,66,37602,34452,28872,22125,2900,3762,32108,38276,26146,28831,37252,32109,19592,16210,8952,582,866,6247,136
S-4.3,104659,55459,49200,2336,1123,1209,102308,54327,47981,100298,53355,46943,92084,49331,42753,88123,47381,40742,83888,45286,38602,3100,1499,1599,7122,3494,3628,8806,4320,4486,3961,1950,2010,4233,2089,2140,11435,5746,5687,28527,19352,11111,8241,16519,74685,13438,83078,43125,39953,20076,11548,8525,95901,50935,44966,3584,1943,1641,1622,911,700,4,3,0,1601,895,695,1616,4,1595,3315,2094,1083,1006,5637,2900,2278,737,1327,1080,1109,12386,4394,7393,634,2974,657,2757,2111,85465,627,283,324,219,103,89,198,68,108,3597,1805,1786,6144,3088,3054,68,37,19,1069,739,316,1699,1176,516,2604,1696,902,6483,3940,2543,2166,935,1228,13492,6985,6505,58987,31082,27905,58357,27507,30850,33464,21710,11754,57138,26993,30145,1219,507,702,27986,76522,40613,16913,234,1254,10730,114,8277,1621,35702,43265,12994,80871,7443,394,15705,30934,12272,18661,103034,37791,65243,33910,31017,31922,29029,30911,30934,1933,956,103034,30798,91,8854,22039,1651,3242,25996,30891,0,30878,30033,5,27319,17065,30829,12,30867,16,30848,0,30822,12026,35,29567,26772,22777,18210,2486,4337,25309,29810,21110,22472,29152,25449,17289,13045,7469,382,517,4563,59
S-4.4,189597,98122,91475,5407,2661,2746,183973,95350,88623,179387,93075,86312,160683,83870,76813,152222,79750,72472,143417,75455,67962,7033,3498,3535,16257,7982,8275,19529,9496,10033,8461,4120,4341,8805,4295,4510,21384,10580,10804,53274,26440,14823,11617,37158,134422,17800,151148,76592,74556,37095,20822,16273,174705,90699,84006,4169,2146,2023,2805,1518,1285,14,6,3,2763,1490,1271,2796,14,2755,6853,3193,1629,1560,9902,4820,4310,1177,2131,1606,1749,25111,7845,16486,1261,5204,1110,5187,3017,152906,1936,923,1010,521,216,276,489,206,260,6853,3459,3394,8854,4612,4242,226,86,105,2849,1952,892,4068,2649,1418,7141,4308,2830,15751,8692,7058,4672,1970,2700,35597,17857,17740,80415,41826,38589,104530,46804,57726,55917,36947,18970,102384,46067,56317,2146,737,1409,52748,136562,71743,22470,114,2600,34187,299,6398,1606,57917,79880,22838,141275,14490,710,32733,53690,20198,33492,189480,66530,122950,57828,53703,56758,52633,53630,53690,3016,1109,189480,53260,283,17408,36160,4051,8369,41143,53536,16,52765,48478,788,48367,37769,53302,77,53401,144,52584,0,53235,26019,126,48512,43618,35545,26293,3874,4696,42565,51685,28808,34683,49324,38696,20765,15455,10145,827,1656,12688,216
S-4.5,155744,79958,75786,5420,2683,2731,150205,77214,72991,145737,74961,70776,127933,66280,61653,120029,62380,57649,112126,58486,53640,6798,3428,3368,15469,7502,7963,18379,8982,9396,7903,3897,4003,7900,3892,4005,19215,9574,9641,44208,16485,8823,7659,35596,109621,10407,125357,63744,61613,29591,15865,13721,142327,73268,69059,3092,1597,1492,4182,2191,1988,17,4,0,4132,2159,1970,4163,17,4113,11142,2001,995,1001,7262,3328,3064,910,1524,1146,1246,18861,5761,11790,1027,3965,752,3944,2433,128209,2134,1085,1043,555,244,281,538,235,291,5904,3001,2901,6881,3589,3283,269,107,142,2941,1959,974,3748,2356,1391,6721,3922,2799,15495,8023,7468,4751,1983,2761,31386,15843,15543,53999,28166,25833,84136,36609,47526,43459,29560,13897,82399,36001,46397,1734,602,1126,55015,100450,40670,17148,152,1067,37996,529,2624,1739,43746,67831,16229,120115,13247,296,21756,40492,13543,26949,155474,48480,106994,46442,40507,45293,39358,40450,40492,3787,2137,155474,39670,730,14289,26121,4124,7035,29242,40335,51,34634,16853,5771,33202,30292,39861,378,40145,249,34488,6,39897,22229,129,34364,29512,21171,17282,2647,3417,32038,38389,16660,22578,36889,24386,12689,6829,4845,860,1739,14192,216
