_id,id,cuadrante_id,sector_id
827,826,P-1.1.1,P-1.1
257,256,P-1.1.2,P-1.1
534,533,P-1.1.3,P-1.1
516,515,P-1.1.4,P-1.1
824,823,P-1.1.5,P-1.1
190,189,P-1.1.6,P-1.1
826,825,P-1.1.7,P-1.1
825,824,P-1.1.8,P-1.1
256,255,P-1.1.9,P-1.1
839,838,P-1.1.10,P-1.1
166,165,P-1.2.1,P-1.2
721,720,P-1.2.2,P-1.2
720,719,P-1.2.3,P-1.2
722,721,P-1.2.4,P-1.2
445,444,P-1.2.5,P-1.2
723,722,P-1.2.6,P-1.2
719,718,P-1.2.7,P-1.2
841,840,P-1.2.8,P-1.2
724,723,P-1.2.9,P-1.2
269,268,P-1.2.10,P-1.2
167,166,P-1.2.11,P-1.2
192,191,P-1.3.1,P-1.3
748,747,P-1.3.2,P-1.3
460,459,P-1.3.3,P-1.3
749,748,P-1.3.4,P-1.3
284,283,P-1.3.5,P-1.3
461,460,P-1.3.6,P-1.3
750,749,P-1.3.7,P-1.3
1,0,P-1.3.8,P-1.3
193,192,P-1.3.9,P-1.3
2,1,P-1.3.10,P-1.3
753,752,P-1.3.11,P-1.3
283,282,P-1.3.12,P-1.3
754,753,P-1.3.13,P-1.3
153,152,P-1.4.1,P-1.4
531,530,P-1.4.2,P-1.4
426,425,P-1.4.3,P-1.4
535,534,P-1.4.4,P-1.4
804,803,P-1.4.5,P-1.4
840,839,P-1.4.6,P-1.4
270,269,P-1.4.7,P-1.4
690,689,P-2.1.1,P-2.1
403,402,P-2.1.2,P-2.1
693,692,P-2.1.3,P-2.1
124,123,P-2.1.4,P-2.1
184,183,P-2.1.5,P-2.1
243,242,P-2.1.6,P-2.1
694,693,P-2.1.7,P-2.1
691,690,P-2.1.8,P-2.1
692,691,P-2.1.9,P-2.1
123,122,P-2.1.10,P-2.1
125,124,P-2.1.11,P-2.1
402,401,P-2.1.12,P-2.1
744,743,P-2.2.1,P-2.2
408,407,P-2.2.2,P-2.2
695,694,P-2.2.3,P-2.2
407,406,P-2.2.4,P-2.2
696,695,P-2.2.5,P-2.2
405,404,P-2.2.6,P-2.2
127,126,P-2.2.7,P-2.2
406,405,P-2.2.8,P-2.2
249,248,P-2.2.9,P-2.2
689,688,P-2.3.1,P-2.3
118,117,P-2.3.2,P-2.3
119,118,P-2.3.3,P-2.3
686,685,P-2.3.4,P-2.3
122,121,P-2.3.5,P-2.3
685,684,P-2.3.6,P-2.3
121,120,P-2.3.7,P-2.3
688,687,P-2.3.8,P-2.3
401,400,P-2.3.9,P-2.3
120,119,P-2.3.10,P-2.3
687,686,P-2.3.11,P-2.3
185,184,P-2.4.1,P-2.4
186,185,P-2.4.2,P-2.4
409,408,P-2.4.3,P-2.4
746,745,P-2.4.4,P-2.4
459,458,P-2.4.5,P-2.4
128,127,P-2.4.6,P-2.4
410,409,P-2.4.7,P-2.4
85,84,S-1.1.1,S-1.1
649,648,S-1.1.2,S-1.1
650,649,S-1.1.3,S-1.1
651,650,S-1.1.4,S-1.1
374,373,S-1.1.5,S-1.1
82,81,S-1.1.6,S-1.1
81,80,S-1.1.7,S-1.1
644,643,S-1.1.8,S-1.1
645,644,S-1.1.9,S-1.1
646,645,S-1.1.10,S-1.1
647,646,S-1.1.11,S-1.1
372,371,S-1.1.12,S-1.1
373,372,S-1.1.13,S-1.1
83,82,S-1.1.14,S-1.1
648,647,S-1.1.15,S-1.1
84,83,S-1.1.16,S-1.1
452,451,S-1.2.1,S-1.2
176,175,S-1.2.2,S-1.2
451,450,S-1.2.3,S-1.2
175,174,S-1.2.4,S-1.2
90,89,S-1.2.5,S-1.2
93,92,S-1.2.6,S-1.2
657,656,S-1.2.7,S-1.2
91,90,S-1.2.8,S-1.2
92,91,S-1.2.9,S-1.2
177,176,S-1.2.10,S-1.2
734,733,S-1.2.11,S-1.2
735,734,S-1.2.12,S-1.2
178,177,S-1.2.13,S-1.2
508,507,S-1.3.1,S-1.3
813,812,S-1.3.2,S-1.3
509,508,S-1.3.3,S-1.3
240,239,S-1.3.4,S-1.3
242,241,S-1.3.5,S-1.3
628,627,S-1.3.6,S-1.3
73,72,S-1.3.7,S-1.3
808,807,S-1.3.8,S-1.3
72,71,S-1.3.9,S-1.3
815,814,S-1.3.10,S-1.3
361,360,S-1.3.11,S-1.3
71,70,S-1.3.12,S-1.3
239,238,S-1.3.13,S-1.3
814,813,S-1.3.14,S-1.3
510,509,S-1.3.15,S-1.3
505,504,S-1.3.16,S-1.3
811,810,S-1.3.17,S-1.3
241,240,S-1.3.18,S-1.3
487,486,S-1.4.1,S-1.4
488,487,S-1.4.2,S-1.4
652,651,S-1.4.3,S-1.4
653,652,S-1.4.4,S-1.4
490,489,S-1.4.5,S-1.4
494,493,S-1.4.6,S-1.4
86,85,S-1.4.7,S-1.4
87,86,S-1.4.8,S-1.4
795,794,S-1.4.9,S-1.4
88,87,S-1.5.1,S-1.5
375,374,S-1.5.2,S-1.5
798,797,S-1.5.3,S-1.5
654,653,S-1.5.4,S-1.5
796,795,S-1.5.5,S-1.5
799,798,S-1.5.6,S-1.5
655,654,S-1.5.7,S-1.5
800,799,S-1.5.8,S-1.5
656,655,S-1.5.9,S-1.5
89,88,S-1.5.10,S-1.5
376,375,S-1.5.11,S-1.5
78,77,S-2.1.1,S-2.1
365,364,S-2.1.2,S-2.1
79,78,S-2.1.3,S-2.1
639,638,S-2.1.4,S-2.1
636,635,S-2.1.5,S-2.1
366,365,S-2.1.6,S-2.1
638,637,S-2.1.7,S-2.1
364,363,S-2.1.8,S-2.1
637,636,S-2.1.9,S-2.1
640,639,S-2.1.10,S-2.1
641,640,S-2.1.11,S-2.1
80,79,S-2.1.12,S-2.1
642,641,S-2.1.13,S-2.1
367,366,S-2.1.14,S-2.1
368,367,S-2.1.15,S-2.1
369,368,S-2.1.16,S-2.1
447,446,S-2.2.1,S-2.2
727,726,S-2.2.2,S-2.2
726,725,S-2.2.3,S-2.2
663,662,S-2.2.4,S-2.2
98,97,S-2.2.5,S-2.2
170,169,S-2.2.6,S-2.2
729,728,S-2.2.7,S-2.2
171,170,S-2.2.8,S-2.2
730,729,S-2.2.9,S-2.2
371,370,S-2.2.10,S-2.2
385,384,S-2.2.11,S-2.2
384,383,S-2.2.12,S-2.2
370,369,S-2.2.13,S-2.2
643,642,S-2.2.14,S-2.2
448,447,S-2.2.15,S-2.2
661,660,S-2.3.1,S-2.3
377,376,S-2.3.2,S-2.3
658,657,S-2.3.3,S-2.3
94,93,S-2.3.4,S-2.3
379,378,S-2.3.5,S-2.3
378,377,S-2.3.6,S-2.3
95,94,S-2.3.7,S-2.3
659,658,S-2.3.8,S-2.3
380,379,S-2.3.9,S-2.3
660,659,S-2.3.10,S-2.3
381,380,S-2.3.11,S-2.3
382,381,S-2.3.12,S-2.3
96,95,S-2.3.13,S-2.3
129,128,S-2.3.14,S-2.3
97,96,S-2.3.15,S-2.3
383,382,S-2.3.16,S-2.3
130,129,S-2.3.17,S-2.3
662,661,S-2.3.18,S-2.3
64,63,S-2.4.1,S-2.4
615,614,S-2.4.2,S-2.4
353,352,S-2.4.3,S-2.4
616,615,S-2.4.4,S-2.4
542,541,S-2.4.5,S-2.4
617,616,S-2.4.6,S-2.4
281,280,S-2.4.7,S-2.4
544,543,S-2.4.8,S-2.4
277,276,S-2.4.9,S-2.4
543,542,S-2.4.10,S-2.4
280,279,S-2.4.11,S-2.4
65,64,S-2.4.12,S-2.4
354,353,S-2.4.13,S-2.4
619,618,S-2.4.14,S-2.4
266,265,S-2.5.1,S-2.5
104,103,S-2.5.2,S-2.5
738,737,S-2.5.3,S-2.5
230,229,S-2.5.4,S-2.5
231,230,S-2.5.5,S-2.5
229,228,S-2.5.6,S-2.5
228,227,S-2.5.7,S-2.5
737,736,S-2.5.8,S-2.5
739,738,S-2.5.9,S-2.5
181,180,S-2.5.10,S-2.5
102,101,S-2.5.11,S-2.5
837,836,P-3.1.1,P-3.1
828,827,P-3.1.2,P-3.1
829,828,P-3.1.3,P-3.1
517,516,P-3.1.4,P-3.1
518,517,P-3.1.5,P-3.1
830,829,P-3.1.6,P-3.1
519,518,P-3.1.7,P-3.1
268,267,P-3.1.8,P-3.1
481,480,P-3.2.1,P-3.2
527,526,P-3.2.2,P-3.2
780,779,P-3.2.3,P-3.2
806,805,P-3.2.4,P-3.2
528,527,P-3.2.5,P-3.2
786,785,P-3.2.6,P-3.2
564,563,C-1.1.1,C-1.1
506,505,C-1.1.2,C-1.1
759,758,C-1.1.3,C-1.1
757,756,C-1.1.4,C-1.1
559,558,C-1.1.5,C-1.1
305,304,C-1.1.6,C-1.1
562,561,C-1.1.7,C-1.1
304,303,C-1.1.8,C-1.1
563,562,C-1.1.9,C-1.1
9,8,C-1.2.1,C-1.2
301,300,C-1.2.2,C-1.2
560,559,C-1.2.3,C-1.2
10,9,C-1.2.4,C-1.2
561,560,C-1.2.5,C-1.2
11,10,C-1.2.6,C-1.2
303,302,C-1.2.7,C-1.2
302,301,C-1.2.8,C-1.2
307,306,C-1.2.9,C-1.2
12,11,C-1.2.10,C-1.2
308,307,C-1.2.11,C-1.2
13,12,C-1.2.12,C-1.2
309,308,C-1.2.13,C-1.2
14,13,C-1.2.14,C-1.2
566,565,C-1.2.15,C-1.2
752,751,C-1.2.16,C-1.2
567,566,C-1.2.17,C-1.2
568,567,C-1.2.18,C-1.2
15,14,C-1.2.19,C-1.2
16,15,C-1.2.20,C-1.2
348,347,C-1.3.1,C-1.3
59,58,C-1.3.2,C-1.3
610,609,C-1.3.3,C-1.3
350,349,C-1.3.4,C-1.3
60,59,C-1.3.5,C-1.3
611,610,C-1.3.6,C-1.3
61,60,C-1.3.7,C-1.3
351,350,C-1.3.8,C-1.3
466,465,C-1.3.9,C-1.3
62,61,C-1.3.10,C-1.3
761,760,C-1.3.11,C-1.3
763,762,C-1.3.12,C-1.3
352,351,C-1.3.13,C-1.3
612,611,C-1.3.14,C-1.3
764,763,C-1.3.15,C-1.3
63,62,C-1.3.16,C-1.3
762,761,C-1.3.17,C-1.3
760,759,C-1.3.18,C-1.3
552,551,C-1.4.1,C-1.4
291,290,C-1.4.2,C-1.4
553,552,C-1.4.3,C-1.4
292,291,C-1.4.4,C-1.4
554,553,C-1.4.5,C-1.4
293,292,C-1.4.6,C-1.4
294,293,C-1.4.7,C-1.4
555,554,C-1.4.8,C-1.4
295,294,C-1.4.9,C-1.4
556,555,C-1.4.10,C-1.4
296,295,C-1.4.11,C-1.4
297,296,C-1.4.12,C-1.4
298,297,C-1.4.13,C-1.4
557,556,C-1.4.14,C-1.4
7,6,C-1.4.15,C-1.4
558,557,C-1.4.16,C-1.4
306,305,C-1.4.17,C-1.4
565,564,C-1.4.18,C-1.4
299,298,C-1.5.1,C-1.5
8,7,C-1.5.2,C-1.5
300,299,C-1.5.3,C-1.5
463,462,C-1.5.4,C-1.5
756,755,C-1.5.5,C-1.5
464,463,C-1.5.6,C-1.5
194,193,C-1.5.7,C-1.5
758,757,C-1.5.8,C-1.5
810,809,C-1.6.1,C-1.6
465,464,C-1.6.2,C-1.6
195,194,C-1.6.3,C-1.6
745,744,C-1.6.4,C-1.6
751,750,C-1.6.5,C-1.6
310,309,C-1.7.1,C-1.7
569,568,C-1.7.2,C-1.7
17,16,C-1.7.3,C-1.7
831,830,C-1.7.4,C-1.7
833,832,C-1.7.5,C-1.7
832,831,C-1.7.6,C-1.7
444,443,C-1.7.7,C-1.7
172,171,C-1.7.8,C-1.7
346,345,C-1.7.9,C-1.7
258,257,C-1.7.10,C-1.7
259,258,C-1.7.11,C-1.7
196,195,C-1.7.12,C-1.7
520,519,C-1.7.13,C-1.7
347,346,C-1.7.14,C-1.7
260,259,C-1.7.15,C-1.7
462,461,C-1.8.1,C-1.8
289,288,C-1.8.2,C-1.8
547,546,C-1.8.3,C-1.8
3,2,C-1.8.4,C-1.8
4,3,C-1.8.5,C-1.8
548,547,C-1.8.6,C-1.8
549,548,C-1.8.7,C-1.8
5,4,C-1.8.8,C-1.8
550,549,C-1.8.9,C-1.8
551,550,C-1.8.10,C-1.8
290,289,C-1.8.11,C-1.8
6,5,C-1.8.12,C-1.8
221,220,N-1.1.1,N-1.1
732,731,N-1.1.2,N-1.1
449,448,N-1.1.3,N-1.1
733,732,N-1.1.4,N-1.1
728,727,N-1.1.5,N-1.1
173,172,N-1.1.6,N-1.1
450,449,N-1.1.7,N-1.1
174,173,N-1.1.8,N-1.1
483,482,N-1.1.9,N-1.1
18,17,N-1.2.1,N-1.2
312,311,N-1.2.2,N-1.2
19,18,N-1.2.3,N-1.2
216,215,N-1.2.4,N-1.2
314,313,N-1.2.5,N-1.2
318,317,N-1.2.6,N-1.2
575,574,N-1.2.7,N-1.2
313,312,N-1.2.8,N-1.2
20,19,N-1.2.9,N-1.2
574,573,N-1.2.10,N-1.2
785,784,N-1.2.11,N-1.2
23,22,N-1.2.12,N-1.2
576,575,N-1.2.13,N-1.2
788,787,N-1.2.14,N-1.2
578,577,N-1.2.15,N-1.2
316,315,N-1.2.16,N-1.2
315,314,N-1.2.17,N-1.2
21,20,N-1.2.18,N-1.2
317,316,N-1.2.19,N-1.2
577,576,N-1.2.20,N-1.2
524,523,N-1.2.21,N-1.2
24,23,N-1.3.1,N-1.3
319,318,N-1.3.2,N-1.3
579,578,N-1.3.3,N-1.3
787,786,N-1.3.4,N-1.3
220,219,N-1.3.5,N-1.3
26,25,N-1.3.6,N-1.3
25,24,N-1.3.7,N-1.3
320,319,N-1.3.8,N-1.3
279,278,N-1.4.1,N-1.4
334,333,N-1.4.2,N-1.4
217,216,N-1.4.3,N-1.4
218,217,N-1.4.4,N-1.4
219,218,N-1.4.5,N-1.4
601,600,N-1.4.6,N-1.4
47,46,N-1.4.7,N-1.4
600,599,N-1.4.8,N-1.4
598,597,N-1.4.9,N-1.4
602,601,N-1.4.10,N-1.4
333,332,N-1.4.11,N-1.4
332,331,N-1.4.12,N-1.4
597,596,N-1.4.13,N-1.4
46,45,N-1.4.14,N-1.4
599,598,N-1.4.15,N-1.4
331,330,N-1.4.16,N-1.4
596,595,N-1.4.17,N-1.4
607,606,N-1.5.1,N-1.5
341,340,N-1.5.2,N-1.5
608,607,N-1.5.3,N-1.5
342,341,N-1.5.4,N-1.5
338,337,N-1.5.5,N-1.5
343,342,N-1.5.6,N-1.5
340,339,N-1.5.7,N-1.5
339,338,N-1.5.8,N-1.5
58,57,N-1.5.9,N-1.5
609,608,N-1.5.10,N-1.5
57,56,N-1.5.11,N-1.5
326,325,N-1.6.1,N-1.6
431,430,N-1.6.2,N-1.6
327,326,N-1.6.3,N-1.6
715,714,N-1.6.4,N-1.6
155,154,N-1.6.5,N-1.6
432,431,N-1.6.6,N-1.6
587,586,N-1.6.7,N-1.6
443,442,N-1.6.8,N-1.6
433,432,N-1.6.9,N-1.6
41,40,N-1.6.10,N-1.6
328,327,N-1.7.1,N-1.7
589,588,N-1.7.2,N-1.7
588,587,N-1.7.3,N-1.7
42,41,N-1.7.4,N-1.7
591,590,N-1.7.5,N-1.7
592,591,N-1.7.6,N-1.7
593,592,N-1.7.7,N-1.7
329,328,N-1.7.8,N-1.7
590,589,N-1.7.9,N-1.7
344,343,N-1.8.1,N-1.8
345,344,N-1.8.2,N-1.8
330,329,N-1.8.3,N-1.8
213,212,N-1.8.4,N-1.8
482,481,N-1.8.5,N-1.8
781,780,N-1.8.6,N-1.8
782,781,N-1.8.7,N-1.8
43,42,N-1.8.8,N-1.8
157,156,N-1.8.9,N-1.8
435,434,N-1.8.10,N-1.8
594,593,N-1.8.11,N-1.8
525,524,N-1.8.12,N-1.8
595,594,N-1.8.13,N-1.8
580,579,N-2.1.1,N-2.1
321,320,N-2.1.2,N-2.1
777,776,N-2.1.3,N-2.1
581,580,N-2.1.4,N-2.1
322,321,N-2.1.5,N-2.1
582,581,N-2.1.6,N-2.1
30,29,N-2.1.7,N-2.1
29,28,N-2.1.8,N-2.1
28,27,N-2.1.9,N-2.1
52,51,N-2.2.1,N-2.2
335,334,N-2.2.2,N-2.2
336,335,N-2.2.3,N-2.2
215,214,N-2.2.4,N-2.2
784,783,N-2.2.5,N-2.2
783,782,N-2.2.6,N-2.2
103,102,N-2.2.7,N-2.2
139,138,N-2.2.8,N-2.2
604,603,N-2.2.9,N-2.2
603,602,N-2.2.10,N-2.2
414,413,N-2.2.11,N-2.2
349,348,N-2.2.12,N-2.2
132,131,N-2.2.13,N-2.2
404,403,N-2.2.14,N-2.2
126,125,N-2.2.15,N-2.2
698,697,N-2.2.16,N-2.2
778,777,N-2.3.1,N-2.3
779,778,N-2.3.2,N-2.3
49,48,N-2.3.3,N-2.3
48,47,N-2.3.4,N-2.3
716,715,N-2.3.5,N-2.3
156,155,N-2.3.6,N-2.3
51,50,N-2.3.7,N-2.3
214,213,N-2.3.8,N-2.3
212,211,N-2.3.9,N-2.3
434,433,N-2.3.10,N-2.3
717,716,N-2.3.11,N-2.3
50,49,N-2.3.12,N-2.3
264,263,O-1.1.1,O-1.1
771,770,O-1.1.2,O-1.1
478,477,O-1.1.3,O-1.1
621,620,O-1.1.4,O-1.1
265,264,O-1.1.5,O-1.1
618,617,O-1.1.6,O-1.1
66,65,O-1.1.7,O-1.1
158,157,O-1.1.8,O-1.1
467,466,O-1.1.9,O-1.1
197,196,O-1.1.10,O-1.1
718,717,O-1.1.11,O-1.1
198,197,O-1.1.12,O-1.1
436,435,O-1.1.13,O-1.1
622,621,O-1.1.14,O-1.1
68,67,O-1.1.15,O-1.1
626,625,O-1.1.16,O-1.1
766,765,O-1.1.17,O-1.1
140,139,O-1.1.18,O-1.1
468,467,O-1.1.19,O-1.1
765,764,O-1.1.20,O-1.1
159,158,O-1.1.21,O-1.1
437,436,O-1.1.22,O-1.1
769,768,O-1.2.1,O-1.2
356,355,O-1.2.2,O-1.2
69,68,O-1.2.3,O-1.2
355,354,O-1.2.4,O-1.2
623,622,O-1.2.5,O-1.2
620,619,O-1.2.6,O-1.2
477,476,O-1.2.7,O-1.2
624,623,O-1.2.8,O-1.2
67,66,O-1.2.9,O-1.2
625,624,O-1.2.10,O-1.2
770,769,O-1.2.11,O-1.2
357,356,O-1.2.12,O-1.2
480,479,O-1.3.1,O-1.3
211,210,O-1.3.2,O-1.3
358,357,O-1.3.3,O-1.3
773,772,O-1.3.4,O-1.3
775,774,O-1.3.5,O-1.3
359,358,O-1.3.6,O-1.3
774,773,O-1.3.7,O-1.3
772,771,O-1.3.8,O-1.3
210,209,O-1.3.9,O-1.3
160,159,O-1.4.1,O-1.4
263,262,O-1.4.2,O-1.4
439,438,O-1.4.3,O-1.4
205,204,O-1.4.4,O-1.4
204,203,O-1.4.5,O-1.4
203,202,O-1.4.6,O-1.4
768,767,O-1.4.7,O-1.4
161,160,O-1.4.8,O-1.4
440,439,O-1.4.9,O-1.4
471,470,O-1.4.10,O-1.4
206,205,O-1.4.11,O-1.4
438,437,O-1.4.12,O-1.4
708,707,O-1.5.1,O-1.5
142,141,O-1.5.2,O-1.5
473,472,O-1.5.3,O-1.5
143,142,O-1.5.4,O-1.5
709,708,O-1.5.5,O-1.5
710,709,O-1.5.6,O-1.5
474,473,O-1.5.7,O-1.5
144,143,O-1.5.8,O-1.5
420,419,O-1.5.9,O-1.5
262,261,O-1.5.10,O-1.5
146,145,O-1.5.11,O-1.5
476,475,O-1.5.12,O-1.5
148,147,O-1.5.13,O-1.5
149,148,O-1.5.14,O-1.5
145,144,O-1.5.15,O-1.5
150,149,O-1.5.16,O-1.5
711,710,O-1.5.17,O-1.5
421,420,O-1.5.18,O-1.5
147,146,O-1.5.19,O-1.5
472,471,O-1.5.20,O-1.5
208,207,O-1.5.21,O-1.5
475,474,O-1.5.22,O-1.5
209,208,O-1.5.23,O-1.5
207,206,O-1.5.24,O-1.5
250,249,O-1.6.1,O-1.6
819,818,O-1.6.2,O-1.6
820,819,O-1.6.3,O-1.6
834,833,O-1.6.4,O-1.6
835,834,O-1.6.5,O-1.6
522,521,O-1.6.6,O-1.6
521,520,O-1.6.7,O-1.6
252,251,O-1.6.8,O-1.6
251,250,O-1.6.9,O-1.6
743,742,O-1.6.10,O-1.6
822,821,O-1.6.11,O-1.6
821,820,O-1.6.12,O-1.6
514,513,O-1.6.13,O-1.6
360,359,O-1.6.14,O-1.6
415,414,O-1.7.1,O-1.7
141,140,O-1.7.2,O-1.7
470,469,O-1.7.3,O-1.7
202,201,O-1.7.4,O-1.7
767,766,O-1.7.5,O-1.7
200,199,O-1.7.6,O-1.7
706,705,O-1.7.7,O-1.7
417,416,O-1.7.8,O-1.7
419,418,O-1.7.9,O-1.7
469,468,O-1.7.10,O-1.7
199,198,O-1.7.11,O-1.7
418,417,O-1.7.12,O-1.7
416,415,O-1.7.13,O-1.7
707,706,O-1.7.14,O-1.7
288,287,O-1.8.1,O-1.8
287,286,O-1.8.2,O-1.8
285,284,O-1.8.3,O-1.8
234,233,O-1.8.4,O-1.8
286,285,O-1.8.5,O-1.8
504,503,O-1.8.6,O-1.8
386,385,O-1.8.7,O-1.8
807,806,O-1.8.8,O-1.8
387,386,O-1.8.9,O-1.8
235,234,O-1.8.10,O-1.8
226,225,O-1.8.11,O-1.8
99,98,O-1.8.12,O-1.8
664,663,O-1.8.13,O-1.8
100,99,O-1.8.14,O-1.8
236,235,O-1.8.15,O-1.8
101,100,O-1.8.16,O-1.8
511,510,O-1.9.1,O-1.9
244,243,O-1.9.2,O-1.9
627,626,O-1.9.3,O-1.9
816,815,O-1.9.4,O-1.9
245,244,O-1.9.5,O-1.9
512,511,O-1.9.6,O-1.9
70,69,O-1.9.7,O-1.9
248,247,O-1.9.8,O-1.9
818,817,O-1.9.9,O-1.9
817,816,O-1.9.10,O-1.9
246,245,O-1.9.11,O-1.9
740,739,S-3.1.1,S-3.1
278,277,S-3.1.2,S-3.1
741,740,S-3.1.3,S-3.1
731,730,S-3.1.4,S-3.1
276,275,S-3.1.5,S-3.1
539,538,S-3.1.6,S-3.1
163,162,S-3.2.1,S-3.2
446,445,S-3.2.2,S-3.2
705,704,S-3.2.3,S-3.2
441,440,S-3.2.4,S-3.2
162,161,S-3.2.5,S-3.2
169,168,S-3.2.6,S-3.2
168,167,S-3.2.7,S-3.2
846,845,S-3.2.8,S-3.2
725,724,S-3.2.9,S-3.2
526,525,S-3.2.10,S-3.2
454,453,S-3.2.11,S-3.2
182,181,S-3.2.12,S-3.2
442,441,S-3.2.13,S-3.2
111,110,P-4.1.1,P-4.1
390,389,P-4.1.2,P-4.1
672,671,P-4.1.3,P-4.1
836,835,P-4.1.4,P-4.1
391,390,P-4.1.5,P-4.1
675,674,P-4.1.6,P-4.1
674,673,P-4.1.7,P-4.1
673,672,P-4.1.8,P-4.1
113,112,P-4.1.9,P-4.1
395,394,P-4.1.10,P-4.1
114,113,P-4.1.11,P-4.1
394,393,P-4.1.12,P-4.1
115,114,P-4.2.1,P-4.2
677,676,P-4.2.2,P-4.2
679,678,P-4.2.3,P-4.2
680,679,P-4.2.4,P-4.2
398,397,P-4.2.5,P-4.2
742,741,P-4.2.6,P-4.2
681,680,P-4.2.7,P-4.2
682,681,P-4.2.8,P-4.2
678,677,P-4.2.9,P-4.2
399,398,P-4.2.10,P-4.2
189,188,P-4.2.11,P-4.2
188,187,P-4.2.12,P-4.2
683,682,P-4.2.13,P-4.2
684,683,P-4.2.14,P-4.2
532,531,P-4.2.15,P-4.2
164,163,P-4.3.1,P-4.3
669,668,P-4.3.2,P-4.3
165,164,P-4.3.3,P-4.3
110,109,P-4.3.4,P-4.3
667,666,P-4.3.5,P-4.3
747,746,P-4.3.6,P-4.3
389,388,P-4.3.7,P-4.3
668,667,P-4.3.8,P-4.3
670,669,P-4.3.9,P-4.3
458,457,P-4.4.1,P-4.4
456,455,P-4.4.2,P-4.4
823,822,P-4.4.3,P-4.4
105,104,P-4.4.4,P-4.4
180,179,P-4.4.5,P-4.4
261,260,P-4.4.6,P-4.4
253,252,P-4.4.7,P-4.4
255,254,P-4.4.8,P-4.4
523,522,P-4.4.9,P-4.4
183,182,P-4.4.10,P-4.4
515,514,P-4.4.11,P-4.4
254,253,P-4.4.12,P-4.4
109,108,P-4.4.13,P-4.4
666,665,P-4.4.14,P-4.4
455,454,P-4.4.15,P-4.4
388,387,P-4.4.16,P-4.4
108,107,P-4.4.17,P-4.4
107,106,P-4.4.18,P-4.4
453,452,P-4.4.19,P-4.4
106,105,P-4.4.20,P-4.4
665,664,P-4.4.21,P-4.4
400,399,P-4.5.1,P-4.5
117,116,P-4.5.2,P-4.5
676,675,P-4.5.3,P-4.5
396,395,P-4.5.4,P-4.5
393,392,P-4.5.5,P-4.5
271,270,P-4.5.6,P-4.5
116,115,P-4.5.7,P-4.5
397,396,P-4.5.8,P-4.5
755,754,P-4.5.9,P-4.5
112,111,P-4.5.10,P-4.5
392,391,P-4.5.11,P-4.5
671,670,P-4.5.12,P-4.5
151,150,O-2.1.1,O-2.1
486,485,O-2.1.2,O-2.1
422,421,O-2.1.3,O-2.1
131,130,O-2.1.4,O-2.1
485,484,O-2.1.5,O-2.1
789,788,O-2.2.1,O-2.2
227,226,O-2.2.2,O-2.2
425,424,O-2.2.3,O-2.2
713,712,O-2.2.4,O-2.2
697,696,O-3.1.1,O-3.1
247,246,O-3.1.2,O-3.1
484,483,O-3.1.3,O-3.1
224,223,O-3.1.4,O-3.1
225,224,O-3.1.5,O-3.1
503,502,O-3.1.6,O-3.1
699,698,O-3.1.7,O-3.1
513,512,O-3.1.8,O-3.1
134,133,O-3.1.9,O-3.1
133,132,O-3.1.10,O-3.1
801,800,O-3.2.1,O-3.2
497,496,O-3.2.2,O-3.2
614,613,O-3.2.3,O-3.2
613,612,O-3.2.4,O-3.2
500,499,O-3.2.5,O-3.2
232,231,O-3.2.6,O-3.2
233,232,O-3.2.7,O-3.2
803,802,O-3.2.8,O-3.2
501,500,O-3.2.9,O-3.2
502,501,O-3.2.10,O-3.2
629,628,S-4.1.1,S-4.1
74,73,S-4.1.2,S-4.1
630,629,S-4.1.3,S-4.1
75,74,S-4.1.4,S-4.1
499,498,S-4.1.5,S-4.1
76,75,S-4.1.6,S-4.1
631,630,S-4.1.7,S-4.1
77,76,S-4.1.8,S-4.1
809,808,S-4.1.9,S-4.1
632,631,S-4.1.10,S-4.1
363,362,S-4.1.11,S-4.1
634,633,S-4.1.12,S-4.1
635,634,S-4.1.13,S-4.1
498,497,S-4.1.14,S-4.1
362,361,S-4.1.15,S-4.1
633,632,S-4.1.16,S-4.1
533,532,S-4.1.17,S-4.1
413,412,S-4.2.1,S-4.2
493,492,S-4.2.2,S-4.2
137,136,S-4.2.3,S-4.2
495,494,S-4.2.4,S-4.2
797,796,S-4.2.5,S-4.2
546,545,S-4.2.6,S-4.2
135,134,S-4.3.1,S-4.3
702,701,S-4.3.2,S-4.3
136,135,S-4.3.3,S-4.3
700,699,S-4.3.4,S-4.3
536,535,S-4.3.5,S-4.3
412,411,S-4.3.6,S-4.3
411,410,S-4.3.7,S-4.3
701,700,S-4.3.8,S-4.3
179,178,S-4.3.9,S-4.3
736,735,S-4.3.10,S-4.3
703,702,S-4.3.11,S-4.3
790,789,S-4.4.1,S-4.4
791,790,S-4.4.2,S-4.4
792,791,S-4.4.3,S-4.4
489,488,S-4.4.4,S-4.4
793,792,S-4.4.5,S-4.4
491,490,S-4.4.6,S-4.4
492,491,S-4.4.7,S-4.4
794,793,S-4.4.8,S-4.4
802,801,S-4.5.1,S-4.5
138,137,S-4.5.2,S-4.5
541,540,S-4.5.3,S-4.5
545,544,S-4.5.4,S-4.5
496,495,S-4.5.5,S-4.5
187,186,S-4.5.6,S-4.5
282,281,S-4.5.7,S-4.5
704,703,S-4.5.8,S-4.5
53,52,N-3.1.1,N-3.1
337,336,N-3.1.2,N-3.1
54,53,N-3.1.3,N-3.1
55,54,N-3.1.4,N-3.1
56,55,N-3.1.5,N-3.1
605,604,N-3.1.6,N-3.1
606,605,N-3.1.7,N-3.1
571,570,N-3.2.1,N-3.2
311,310,N-3.2.2,N-3.2
570,569,N-3.2.3,N-3.2
267,266,N-3.2.4,N-3.2
573,572,N-3.2.5,N-3.2
572,571,N-3.2.6,N-3.2
323,322,N-3.3.1,N-3.3
33,32,N-3.3.2,N-3.3
34,33,N-3.3.3,N-3.3
31,30,N-3.3.4,N-3.3
583,582,N-3.3.5,N-3.3
32,31,N-3.3.6,N-3.3
324,323,N-3.3.7,N-3.3
223,222,N-3.4.1,N-3.4
529,528,N-3.4.2,N-3.4
35,34,N-3.4.3,N-3.4
325,324,N-3.4.4,N-3.4
36,35,N-3.4.5,N-3.4
847,846,N-3.4.6,N-3.4
22,21,N-3.4.7,N-3.4
222,221,N-3.4.8,N-3.4
37,36,N-3.4.9,N-3.4
27,26,N-3.4.10,N-3.4
584,583,N-3.4.11,N-3.4
40,39,N-3.5.1,N-3.5
427,426,N-3.5.2,N-3.5
428,427,N-3.5.3,N-3.5
154,153,N-3.5.4,N-3.5
429,428,N-3.5.5,N-3.5
714,713,N-3.5.6,N-3.5
38,37,N-3.5.7,N-3.5
39,38,N-3.5.8,N-3.5
423,422,N-3.5.9,N-3.5
424,423,N-3.5.10,N-3.5
586,585,N-3.5.11,N-3.5
585,584,N-3.5.12,N-3.5
712,711,N-3.5.13,N-3.5
430,429,N-3.5.14,N-3.5
44,43,N-3.6.1,N-3.6
45,44,N-3.6.2,N-3.6
479,478,N-3.6.3,N-3.6
776,775,N-3.6.4,N-3.6
530,529,N-3.6.5,N-3.6
201,200,N-3.6.6,N-3.6
457,456,O-4.1.1,O-4.1
540,539,O-4.1.2,O-4.1
843,842,O-4.1.3,O-4.1
842,841,O-4.1.4,O-4.1
845,844,O-4.1.5,O-4.1
844,843,O-4.1.6,O-4.1
152,151,O-4.1.7,O-4.1
191,190,O-4.1.8,O-4.1
537,536,O-4.1.9,O-4.1
838,837,O-4.1.10,O-4.1
237,236,O-4.2.1,O-4.2
272,271,O-4.2.2,O-4.2
273,272,O-4.2.3,O-4.2
538,537,O-4.2.4,O-4.2
275,274,O-4.2.5,O-4.2
812,811,O-4.2.6,O-4.2
238,237,O-4.2.7,O-4.2
805,804,O-4.2.8,O-4.2
507,506,O-4.2.9,O-4.2
274,273,O-4.2.10,O-4.2
,,,
